G:U , 2204 , H/H , cis-W/W , 2
U:G , 2164 , H/H , cis-W/W , 2
G:U , 1200 , H/H , cis-W/W , 3
U:G , 1065 , H/H , cis-W/W , 3
G:A , 1045 , H/H , trans-S/H , 3
A:G , 954 , H/H , trans-H/S , 3
C:G , 865 , H/H , cis-W/W , 2
G:C , 795 , H/H , cis-W/W , 2
U:G , 534 , H_qe/H , cis-W/W , 2
U:U , 501 , H/H , cis-W/W , 2
G:A , 488 , H_e/H_e , trans-S/H , 2
G:U , 456 , H/H_qe , cis-W/W , 2
A:U , 408 , H/H_qe , trans-H/W , 2
G:A , 379 , H_e/H_e , trans-W/H , 3
G:A , 375 , H_e/H_e , trans-S/H , 3
G:U , 362 , H_qe/H , cis-W/W , 2
A:G , 320 , H/H_qe , trans-H/S , 3
U:G , 315 , H_e/H_e , cis-W/W , 2
U:G , 302 , H/H_qe , cis-W/W , 2
U:A , 293 , H/H , cis-W/W , 1
A:U , 290 , H/H , cis-W/W , 1
U:A , 285 , H_qe/H , trans-W/H , 2
C:G , 285 , H/H , cis-W/W , 3
G:C , 261 , H/H , cis-W/W , 3
A:G , 229 , H/H_qe , cis-W/W , 2
G:A , 226 , H_qe/H_qe , trans-S/H , 3
G:A , 224 , H_qe/H , trans-S/H , 3
A:U , 216 , H_qe/H_qe , trans-H/W , 2
A:G , 216 , H_qe/H_qe , trans-H/S , 3
G:U , 205 , H_qe/H , cis-W/W , 3
U:A , 204 , H_qe/H_qe , trans-W/H , 2
G:C , 202 , H/H , cis-W/W , 1
U:A , 190 , H/H_i , trans-W/H , 2
G:U , 188 , H/H_qe , cis-W/W , 3
U:G , 186 , H/H_qe , cis-W/W , 3
G:C , 185 , H/H , cis-W/W , 4
C:G , 185 , H/H , cis-W/W , 4
C:C , 179 , H/H , cis-W/W , 2
A:G , 177 , H_qe/H , trans-H/S , 3
C:G , 176 , H/H , cis-W/W , 1
A:G , 171 , H/H , trans-H/S , 2
C:G , 170 , H/H_qe , cis-W/W , 2
U:U , 164 , H/H_qe , cis-W/W , 2
C:C , 163 , H/H , cis-W/W , 1
G:A , 161 , H_e/H_ie , NA , 2
G:A , 157 , H_e/H_e , NA , 2
U:A , 151 , H_e/H_ie , trans-W/H , 2
C:G , 149 , H_e/H_e , cis-W/W , 2
A:A , 147 , H/H_qe , trans-H/H , 3
U:G , 139 , H_qe/H_qe , cis-W/W , 2
A:U , 139 , H_i/H , trans-H/W , 2
U:G , 135 , H/H , cis-W/W , 1
A:A , 135 , H_qe/H , trans-H/H , 3
U:G , 132 , H_e/H_e , trans-S/W , 2
A:G , 128 , H/H , cis-W/W , 2
U:G , 124 , H_e/H_e , cis-W/W , 3
G:C , 122 , H_qe/H , cis-W/W , 2
G:A , 122 , H/H_qe , trans-S/H , 3
A:G , 118 , H_e/H_e , NA , 3
G:C , 117 , H/H_qe , cis-W/W , 2
U:G , 115 , H_qe/H , cis-W/W , 3
G:A , 113 , H/H , trans-S/H , 4
G:U , 112 , H/H , cis-W/W , 1
A:G , 112 , H_qe/H_qe , trans-H/S , 2
A:G , 112 , H_qe/H , cis-W/W , 2
G:A , 108 , H/H , trans-S/H , 2
U:G , 107 , H/H , cis-W/W , 4
G:A , 106 , H_e/H_e , NA , 3
U:A , 105 , H_e/H_ie , trans-W/W , 2
C:U , 102 , H/H , cis-W/W , 1
U:G , 99 , H_qe/H_qe , cis-W/W , 3
G:U , 99 , H/H , cis-W/W , 4
A:A , 99 , H/H , trans-H/S , 2
C:G , 98 , H_qe/H , cis-W/W , 2
A:U , 98 , H/H , trans-H/W , 2
U:G , 93 , H_e/H_e , trans-S/W , 3
A:C , 92 , H/H_qe , cis-W/W , 1
A:A , 91 , H/H_qe , trans-S/H , 2
G:U , 90 , H_qe/H_qe , cis-W/W , 2
A:A , 90 , H/H , cis-W/W , 1
G:C , 88 , H_e/H_e , cis-W/W , 2
C:G , 87 , H/H , NA , 2
G:U , 86 , H_qe/H_qe , cis-W/W , 3
C:G , 86 , H_qe/H_qe , cis-W/W , 2
U:C , 85 , H/H , cis-W/W , 1
A:C , 84 , H/H , cis-W/W , 1
A:U , 83 , H/H_qe , cis-W/W , 1
A:C , 83 , H/H , trans-H/W , 3
A:C , 83 , H/H , cis-W/W , 2
G:A , 81 , H_qe/H_qe , trans-S/H , 2
G:A , 80 , H_qe/H , trans-S/H , 2
A:A , 80 , H/H , trans-S/H , 1
A:U , 79 , H_qe/H , trans-H/W , 2
U:A , 77 , H/H , NA , 1
A:U , 77 , H/H , cis-W/W , 2
U:U , 76 , H/H , cis-W/W , 3
G:C , 76 , H_qe/H_qe , cis-W/W , 2
A:G , 76 , H/H_qe , trans-H/S , 2
G:A , 75 , H/H , cis-W/W , 2
A:A , 75 , H_qe/H_i , NA , 2
A:A , 75 , H_ie/H_e , cis-S/W , 2
U:G , 74 , H_e/H_ie , trans-S/W , 2
G:A , 73 , H/H , NA , 3
G:A , 73 , H_e/H_e , trans-S/H , 4
U:U , 72 , H_e/H_e , cis-W/W , 2
C:A , 71 , H_e/H_e , NA , 2
A:G , 70 , H_qe/H_qe , cis-W/W , 2
A:A , 70 , H_qe/H , trans-H/H , 2
U:A , 69 , H/H , trans-W/H , 2
G:A , 69 , H_e/H_ie , trans-S/W , 3
U:U , 68 , H_qe/H , cis-W/W , 2
A:A , 68 , H/H , trans-H/H , 3
U:A , 66 , H_i/H_i , trans-W/H , 2
G:G , 66 , H/H , trans-H/S , 2
A:A , 66 , H_i/H_qe , cis-W/S , 2
A:U , 65 , H/H_qe , trans-H/W , 3
A:G , 65 , H/H , trans-H/S , 4
A:A , 65 , H_i/H_qe , trans-W/W , 2
A:G , 64 , H/H_qe , cis-W/W , 3
A:A , 64 , H_qe/H_i , trans-W/W , 2
U:A , 63 , H/H_i , cis-W/H , 2
G:C , 63 , H_qe/H , cis-W/W , 1
G:C , 63 , H_e/H_ie , trans-W/W , 2
A:G , 63 , H_i/H , trans-H/S , 3
U:A , 62 , H/H_qe , trans-W/H , 2
U:A , 62 , H/H , cis-W/W , 2
G:A , 62 , H_qe/H_qe , cis-H/W , 1
G:A , 62 , H_qe/H , cis-W/W , 2
C:G , 62 , H/H_i , NA , 2
A:G , 62 , H/H , cis-W/W , 3
U:U , 61 , H/H , cis-W/W , 1
G:A , 61 , H_e/H_e , trans-S/H , 1
C:A , 61 , H/H , NA , 2
G:C , 60 , H/H , NA , 2
A:U , 60 , H/H , NA , 1
C:A , 58 , H_e/H_e , trans-W/H , 2
A:G , 58 , H_i/H , cis-S/S , 3
G:C , 57 , H/H_qe , cis-W/S , 2
A:U , 57 , H_qe/H , cis-W/W , 1
A:U , 57 , H_i/H_i , trans-H/W , 2
A:G , 57 , H/H_qe , NA , 2
U:A , 56 , H/H_qe , cis-W/W , 1
A:A , 56 , H/H_qe , NA , 2
G:U , 55 , H/H , NA , 2
C:G , 54 , H_qe/H_qe , NA , 2
C:A , 54 , H/H , cis-W/W , 2
U:A , 53 , H_i/H , cis-W/S , 2
U:A , 53 , H_e/H_e , trans-S/H , 1
G:C , 53 , H_e/H_e , cis-W/W , 4
C:A , 53 , H_qe/H_qe , trans-W/H , 3
G:A , 52 , H/H_qe , cis-W/W , 3
A:A , 52 , H_e/H_ie , NA , 1
U:A , 51 , H_qe/H , trans-W/H , 3
G:A , 51 , H/H , trans-S/H , 1
C:C , 51 , H_qe/H_qe , cis-W/W , 1
C:A , 51 , H/H , trans-S/H , 2
A:U , 51 , H/H_i , trans-H/W , 2
A:A , 51 , H/H , trans-H/W , 2
U:A , 50 , H_ie/H_e , trans-W/W , 2
G:A , 50 , H_ie/H_ie , trans-S/H , 3
A:G , 50 , H_qe/H , NA , 3
A:A , 50 , H/H_qe , trans-H/S , 2
U:A , 49 , H_e/H_e , cis-W/W , 1
A:A , 49 , H_i/H , trans-W/H , 2
U:U , 48 , H_qe/H_qe , cis-W/W , 2
U:A , 48 , H/H_i , trans-W/S , 2
G:A , 47 , H_qe/H_qe , cis-W/W , 2
G:A , 47 , H/H_qe , cis-W/W , 2
C:A , 47 , H_e/H_e , cis-W/W , 2
A:G , 47 , H_qe/H , trans-H/S , 1
A:G , 47 , H_qe/H_qe , NA , 3
G:A , 46 , H_e/H_e , trans-W/H , 2
C:G , 46 , H_e/H_e , cis-W/W , 1
A:G , 46 , H_qe/H , trans-H/S , 2
U:A , 45 , H_e/H_ie , NA , 1
A:U , 45 , H_qe/H_qe , trans-H/W , 1
A:U , 45 , H_i/H_qe , trans-H/W , 2
A:U , 45 , H_i/H_i , cis-H/W , 2
A:G , 45 , H_qe/H , NA , 2
A:C , 45 , H/H , trans-H/S , 2
U:A , 44 , H_qe/H_qe , trans-W/H , 3
C:G , 44 , H/H_qe , cis-W/W , 4
C:C , 44 , H/H , trans-H/S , 2
A:U , 44 , H/H_qe , NA , 1
A:C , 44 , H_i/H , trans-H/W , 2
A:A , 44 , H_i/H , trans-H/H , 4
G:A , 43 , H/H_i , trans-S/S , 2
C:G , 43 , H_ie/H_ie , NA , 1
A:U , 43 , H/H , trans-H/S , 2
A:G , 43 , H/H_i , cis-W/H , 2
A:A , 43 , H_qe/H_qe , cis-W/W , 1
G:G , 42 , H_i/H , cis-W/H , 2
G:A , 42 , H/H_i , trans-S/H , 3
G:A , 42 , H/H , cis-W/W , 1
U:A , 41 , H_qe/H_i , trans-W/H , 2
G:G , 41 , H/H_i , trans-W/H , 2
G:C , 41 , H/H_qe , cis-W/W , 1
G:C , 41 , H_e/H_e , cis-W/W , 1
C:G , 41 , H/H_qe , cis-W/W , 3
C:C , 41 , H_e/H_e , NA , 2
C:A , 41 , H_e/H_ie , trans-S/H , 2
A:U , 41 , H_i/H_qe , trans-W/W , 2
A:C , 41 , H_e/H_e , trans-S/W , 2
U:G , 40 , H_qe/H_i , cis-H/S , 3
G:C , 40 , H_qe/H_qe , cis-W/W , 1
G:A , 40 , H/H , trans-W/H , 2
A:U , 39 , H_i/H_i , NA , 1
A:U , 39 , H_e/H_ie , cis-S/W , 2
A:A , 39 , H_qe/H , NA , 1
U:G , 38 , H/H , cis-S/W , 2
U:C , 38 , H/H_qe , trans-W/W , 1
U:A , 38 , H_i/H , cis-W/H , 3
G:U , 38 , H/H , NA , 1
G:G , 38 , H/H , trans-S/H , 2
G:C , 38 , H_qe/H , cis-W/W , 3
G:A , 38 , H_qe/H , trans-W/H , 2
G:A , 38 , H_qe/H , NA , 2
A:G , 38 , H_i/H , NA , 1
A:C , 38 , H_qe/H_i , cis-W/H , 1
A:C , 38 , H/H_qe , trans-H/W , 3
A:A , 38 , H/H , trans-S/H , 2
U:U , 37 , H_qe/H_i , cis-W/W , 2
G:G , 37 , H_e/H_ie , NA , 2
G:A , 37 , H_qe/H_qe , cis-W/W , 3
G:A , 37 , H_e/H_e , NA , 1
A:U , 37 , H_ie/H_ie , cis-H/W , 2
A:A , 37 , H/H , NA , 3
U:A , 36 , H_e/H_ie , trans-W/H , 3
G:G , 36 , H_qe/H , cis-W/W , 3
C:U , 36 , H/H , trans-H/S , 2
U:G , 35 , H_e/H_e , NA , 2
U:A , 35 , H_i/H , trans-W/H , 2
G:G , 35 , H_e/H_e , NA , 3
G:A , 35 , H_qe/H_i , cis-W/H , 2
G:A , 35 , H_e/H_ie , NA , 1
A:U , 35 , H/H_i , cis-H/W , 2
U:C , 34 , H_i/H , NA , 2
U:A , 34 , H_e/H_ie , NA , 3
G:U , 34 , H/H , trans-S/H , 1
G:U , 34 , H/H_qe , cis-W/W , 1
G:G , 34 , H_e/H_ie , trans-W/H , 2
G:C , 34 , H/H_qe , cis-W/W , 4
G:A , 34 , H_qe/H , cis-W/W , 3
G:A , 34 , H/H , NA , 2
C:G , 34 , H/H_qe , NA , 2
C:C , 34 , H_qe/H_qe , cis-W/W , 2
C:C , 34 , H/H_qe , cis-W/W , 2
A:C , 34 , H_qe/H_i , trans-H/W , 3
A:A , 34 , H_i/H , NA , 2
U:A , 33 , H_e/H_ie , cis-W/H , 2
G:U , 33 , H/H_i , cis-W/S , 2
G:A , 33 , H_qe/H_qe , NA , 2
C:G , 33 , H_qe/H , NA , 2
C:G , 33 , H/H , NA , 4
C:G , 33 , H_e/H_e , cis-W/W , 3
G:C , 32 , H_e/H_e , NA , 2
G:A , 32 , H_e/H_ie , cis-S/W , 1
C:C , 32 , H_e/H_e , cis-W/W , 2
C:A , 32 , H/H , cis-W/W , 1
A:U , 32 , H_qe/H , NA , 2
G:C , 31 , H_ie/H_ie , trans-W/W , 2
A:G , 31 , H/H , trans-H/S , 1
U:G , 30 , H_qe/H_i , cis-W/W , 3
U:G , 30 , H_e/H_e , cis-W/W , 1
G:U , 30 , H_e/H_e , cis-W/W , 3
G:U , 30 , H_e/H_e , cis-W/W , 1
G:A , 30 , H/H_qe , trans-S/H , 2
G:A , 30 , H/H , cis-W/W , 3
A:U , 30 , H_qe/H_qe , cis-W/W , 1
A:A , 30 , H_qe/H , NA , 2
U:G , 29 , H/H , NA , 2
U:A , 29 , H_e/H_ie , NA , 2
G:U , 29 , H_qe/H , cis-W/W , 4
C:U , 29 , H/H_i , cis-W/W , 3
C:A , 29 , H_i/H_qe , NA , 2
A:U , 29 , H_qe/H_i , NA , 1
A:U , 29 , H_i/H , cis-W/W , 1
A:A , 29 , H_qe/H_qe , trans-H/H , 3
A:A , 29 , H/H_qe , cis-W/W , 1
A:A , 29 , H_e/H_e , trans-S/H , 2
U:G , 28 , H_qe/H , trans-H/S , 1
U:G , 28 , H_e/H_ie , trans-S/W , 3
U:C , 28 , H_e/H_e , NA , 1
G:U , 28 , H/H_qe , NA , 2
G:C , 28 , H_qe/H , cis-W/W , 4
G:C , 28 , H/H_qe , cis-W/W , 3
C:C , 28 , H_i/H , cis-W/W , 2
A:A , 28 , H_e/H_ie , NA , 2
U:U , 27 , H/H , NA , 2
PSU:G , 27 , H_e/H_ie , trans-S/W , 2
G:C , 27 , H_e/H_e , cis-W/W , 3
C:G , 27 , H_qe/H_qe , cis-W/W , 3
C:G , 27 , H/H , NA , 3
C:G , 27 , H_e/H_e , NA , 2
A:U , 27 , H_i/H , NA , 2
A:G , 27 , H_i/H , trans-H/S , 2
A:A , 27 , H_i/H_qe , NA , 2
U:U , 26 , H_e/H_e , NA , 2
U:G , 26 , H/H , NA , 1
U:A , 26 , H_qe/H_qe , NA , 1
G:C , 26 , H_qe/H_qe , cis-W/W , 4
G:C , 26 , H_qe/H , NA , 2
G:C , 26 , H/H , NA , 3
G:A , 26 , H_qe/H , trans-H/H , 2
G:A , 26 , H_e/H_ie , trans-S/H , 2
C:A , 26 , H_i/H_qe , trans-W/H , 3
A:G , 26 , H_i/H_qe , trans-W/S , 2
U:A , 25 , H_qe/H_i , trans-W/H , 3
C:G , 25 , H/H_qe , cis-W/W , 1
C:G , 25 , H_e/H_e , cis-W/W , 4
C:A , 25 , H/H , NA , 1
A:U , 25 , H_qe/H , trans-W/W , 2
A:U , 25 , H_i/H , cis-W/W , 2
A:U , 25 , H/H_i , cis-H/W , 3
A:U , 25 , H_e/H_ie , trans-W/W , 2
A:G , 25 , H_e/H_e , NA , 2
A:A , 25 , H_qe/H_i , cis-S/H , 1
A:A , 25 , H_i/H_qe , NA , 1
A:A , 25 , H_e/H_e , trans-H/W , 2
G:U , 24 , H/H , NA , 3
G:C , 24 , H_ie/H_ie , NA , 2
G:C , 24 , H/H , NA , 4
G:A , 24 , H_qe/H_qe , cis-W/W , 1
C:G , 24 , H_qe/H_qe , cis-W/W , 4
C:C , 24 , H_e/H_e , cis-W/W , 1
A:G , 24 , H_i/H_qe , NA , 2
A:A , 24 , H_qe/H , trans-H/H , 1
A:A , 24 , H_i/H_i , trans-H/H , 1
G:G , 23 , H/H_i , cis-W/H , 2
G:C , 23 , H_qe/H_qe , NA , 2
G:A , 23 , H_i/H , trans-S/H , 3
G:A , 23 , H_e/H_ie , trans-S/H , 3
C:A , 23 , H_qe/H_qe , cis-W/W , 2
A:U , 23 , H_e/H_e , trans-H/W , 2
A:G , 23 , H_qe/H_qe , cis-W/W , 3
A:G , 23 , H_qe/H , cis-W/W , 3
A:A , 23 , H_qe/H_qe , trans-W/W , 2
A:A , 23 , H/H_qe , trans-W/W , 2
U:G , 22 , H_e/H_e , cis-W/W , 4
U:A , 22 , H_qe/H_qe , cis-W/W , 1
U:A , 22 , H_i/H_i , cis-W/W , 1
G:U , 22 , H/H , trans-W/H , 1
G:G , 22 , H/H , trans-H/S , 1
G:C , 22 , H/H_qe , NA , 3
G:C , 22 , H/H_qe , NA , 2
G:A , 22 , H_ie/H_ie , trans-S/W , 2
A:A , 22 , H_ie/H_ie , NA , 1
A:A , 22 , H_e/H_e , NA , 1
U:U , 21 , H_i/H , cis-W/W , 2
U:U , 21 , H_e/H_e , NA , 1
U:G , 21 , H_qe/H , NA , 1
U:G , 21 , H_qe/H , cis-W/W , 1
U:G , 21 , H/H , NA , 3
U:C , 21 , H_qe/H , trans-S/H , 2
U:A , 21 , H_e/H_e , NA , 1
G:U , 21 , H_i/H_qe , NA , 2
G:U , 21 , H/H , cis-W/W , 5
G:U , 21 , H_e/H_e , cis-W/W , 2
G:A , 21 , H_e/H_ie , trans-S/W , 2
G:A , 21 , H_e/H_ie , NA , 3
C:U , 21 , H/H , trans-H/S , 1
C:U , 21 , H/H_i , NA , 3
C:G , 21 , H/H , NA , 1
C:A , 21 , H/H_qe , NA , 2
A:U , 21 , H_qe/H , NA , 1
A:G , 21 , H_qe/H_qe , NA , 2
A:G , 21 , H_qe/H , cis-W/W , 1
A:A , 21 , H_qe/H , trans-H/W , 2
A:A , 21 , H_qe/H_qe , trans-H/S , 2
A:A , 21 , H/H_qe , trans-W/H , 1
A:A , 21 , H/H_qe , cis-W/S , 2
5MU:A , 21 , H/H_i , trans-W/H , 2
5MU:1MA , 21 , H/H_i , trans-W/H , 2
U:A , 20 , H_qe/H , cis-W/W , 1
U:A , 20 , H/H_qe , trans-W/H , 3
U:A , 20 , H_e/H_e , cis-W/W , 2
G:G , 20 , H_qe/H_i , NA , 3
G:G , 20 , H_qe/H , cis-W/W , 2
G:G , 20 , H/H_qe , trans-H/W , 3
G:C , 20 , H_qe/H_qe , cis-W/W , 3
G:A , 20 , H_i/H_i , NA , 1
G:A , 20 , H_ie/H_ie , NA , 1
C:A , 20 , H_e/H_ie , NA , 1
A:U , 20 , H/H , trans-H/W , 3
A:U , 20 , H/H , NA , 2
A:G , 20 , H_qe/H_qe , trans-H/S , 1
A:G , 20 , H_i/H , cis-W/W , 1
A:G , 20 , H_e/H_e , trans-H/S , 2
A:C , 20 , H_qe/H , cis-W/S , 2
A:C , 20 , H/H_qe , cis-W/S , 1
A:A , 20 , H_ie/H_e , NA , 2
U:A , 19 , H_e/H_e , trans-S/S , 4
G:U , 19 , H/H_qe , cis-W/W , 4
C:U , 19 , H/H , trans-W/S , 1
C:G , 19 , H_qe/H , cis-W/W , 3
C:G , 19 , H/H_qe , NA , 1
A:M2G , 19 , H_qe/H , NA , 2
A:G , 19 , H/H_qe , cis-W/W , 1
A:A , 19 , H/H_qe , trans-W/H , 2
A:A , 19 , H/H_qe , NA , 1
A:A , 19 , H/H , NA , 1
U:C , 18 , H_e/H_e , trans-S/H , 1
U:A , 18 , H_qe/H , NA , 1
U:A , 18 , H_e/H_e , trans-W/H , 3
U:A , 18 , H_e/H_e , trans-S/H , 2
G:U , 18 , H_qe/H_qe , cis-W/W , 1
G:C , 18 , H_qe/H , NA , 1
G:A , 18 , H_qe/H_qe , trans-S/H , 4
G:A , 18 , H_qe/H_i , NA , 2
C:G , 18 , H_qe/H_qe , cis-W/W , 1
C:G , 18 , H_e/H_e , NA , 1
C:A , 18 , H/H , trans-H/S , 1
C:A , 18 , H_e/H_e , cis-W/W , 1
A:U , 18 , H_qe/H , cis-W/S , 1
A:U , 18 , H/H_i , trans-H/W , 3
A:U , 18 , H/H , cis-W/W , 3
A:U , 18 , H_e/H_e , cis-W/W , 1
A:G , 18 , H_qe/H_i , NA , 2
A:G , 18 , H_ie/H_e , NA , 2
A:G , 18 , H/H_qe , NA , 3
A:G , 18 , H/H , NA , 2
A:G , 18 , H/H_i , NA , 2
A:G , 18 , H_e/H_e , trans-H/S , 3
A:C , 18 , H_qe/H_qe , NA , 1
A:A , 18 , H_qe/H , trans-H/W , 1
A:A , 18 , H/H_i , NA , 2
U:U , 17 , H_ie/H_ie , trans-W/W , 2
U:G , 17 , H_qe/H , trans-H/W , 1
U:G , 17 , H_qe/H_i , NA , 2
U:A , 17 , H_i/H , cis-W/H , 2
G:U , 17 , H_qe/H_qe , trans-S/H , 1
G:U , 17 , H/H_qe , cis-W/S , 2
G:A , 17 , H/H , NA , 4
C:U , 17 , H/H , NA , 1
C:G , 17 , H_e/H_ie , trans-W/W , 2
C:A , 17 , H/H , trans-S/H , 1
A:U , 17 , H_i/H , trans-W/W , 2
A:U , 17 , H_i/H_i , NA , 2
A:C , 17 , H/H , cis-W/W , 3
A:A , 17 , H_qe/H_qe , NA , 2
A:A , 17 , H_i/H , trans-H/H , 3
A:A , 17 , H/H , trans-W/H , 1
U:U , 16 , H/H , NA , 1
U:C , 16 , H/H , cis-W/W , 2
U:A , 16 , H_qe/H_qe , NA , 2
U:A , 16 , H/H_i , trans-W/H , 3
U:A , 16 , H_e/H_ie , cis-W/W , 1
G:G , 16 , H/H , cis-H/W , 2
G:C , 16 , H_i/H_qe , NA , 2
G:C , 16 , H/H , NA , 1
G:A , 16 , H_qe/H_qe , NA , 3
G:A , 16 , H_qe/H_i , cis-W/H , 3
G:A , 16 , H_i/H_qe , NA , 1
G:A , 16 , H/H_qe , NA , 3
C:U , 16 , H/H_qe , cis-W/W , 1
C:G , 16 , H_qe/H , cis-W/W , 4
C:G , 16 , H_qe/H , cis-W/W , 1
C:A , 16 , H_ie/H_e , NA , 3
C:A , 16 , H/H , trans-H/S , 2
A:U , 16 , H_i/H_qe , cis-W/W , 1
A:U , 16 , H/H_qe , cis-W/W , 2
A:U , 16 , H_e/H_e , NA , 1
A:C , 16 , H/H , trans-H/W , 2
A:A , 16 , H_ie/H_e , cis-S/W , 1
A:A , 16 , H/H_qe , trans-S/H , 1
U:G , 15 , H_qe/H_qe , cis-W/W , 1
U:G , 15 , H_ie/H_ie , NA , 2
U:C , 15 , H_qe/H , trans-S/W , 2
U:A , 15 , H_ie/H_ie , NA , 2
U:A , 15 , H/H , cis-W/W , 3
U:A , 15 , H_e/H_e , trans-H/H , 1
PSU:A , 15 , H/H , cis-W/W , 3
G:U , 15 , H/H_qe , NA , 1
G:G , 15 , H_ie/H_e , NA , 3
G:G , 15 , H_e/H_ie , NA , 1
G:G , 15 , H_e/H_e , NA , 2
G:C , 15 , H_qe/H_i , NA , 2
G:A , 15 , H_qe/H_qe , trans-W/H , 2
G:A , 15 , H_qe/H , NA , 3
C:A , 15 , H_ie/H_e , NA , 2
A:U , 15 , H_ie/H_ie , NA , 3
A:C , 15 , H/H , NA , 2
A:A , 15 , H_qe/H_i , trans-H/W , 2
A:A , 15 , H_i/H_i , trans-H/W , 2
A:A , 15 , H/H , cis-W/W , 2
U:C , 14 , H_qe/H_qe , cis-W/W , 1
U:A , 14 , H_e/H_ie , cis-W/H , 3
U:A , 14 , H_e/H_e , trans-W/H , 1
G:U , 14 , H_qe/H_qe , cis-W/W , 4
G:U , 14 , H_i/H_qe , cis-S/H , 3
G:A , 14 , H_qe/H , trans-S/H , 1
C:A , 14 , H_e/H_e , trans-S/H , 1
A:U , 14 , H_qe/H , cis-W/W , 3
A:G , 14 , H/H , cis-W/W , 1
A:A , 14 , H_i/H_i , trans-W/W , 2
A:A , 14 , H_ie/H_ie , trans-H/H , 2
A:A , 14 , H_e/H_e , trans-H/W , 1
U:G , 13 , H_qe/H_i , cis-W/W , 2
U:G , 13 , H_i/H , NA , 3
U:G , 13 , H/H_qe , cis-W/W , 4
U:G , 13 , H/H , cis-W/W , 5
U:A , 13 , H/H_i , trans-W/H , 1
G:U , 13 , H_qe/H , NA , 2
G:U , 13 , H_qe/H_i , cis-S/H , 3
G:C , 13 , H_e/H_e , NA , 3
G:A , 13 , H_qe/H_qe , trans-S/H , 1
G:A , 13 , H_qe/H , NA , 1
C:A , 13 , H/H , trans-W/H , 2
A:U , 13 , H_i/H , trans-H/W , 3
A:G , 13 , H_i/H_i , trans-H/S , 3
A:G , 13 , H/H_qe , NA , 1
A:G , 13 , H/H , NA , 3
A:A , 13 , H/H_qe , trans-H/W , 2
A:A , 13 , H/H_qe , trans-H/W , 1
A:A , 13 , H/H_qe , trans-H/S , 1
A:A , 13 , H/H_qe , trans-H/H , 2
U:G , 12 , H/H , cis-S/W , 3
U:G , 12 , H_e/H_e , NA , 1
U:C , 12 , H_qe/H , NA , 1
U:C , 12 , H/H_qe , cis-W/W , 5
U:A , 12 , H_qe/H , trans-W/H , 1
U:A , 12 , H_qe/H , cis-W/W , 2
U:A , 12 , H_ie/H_e , NA , 2
U:A , 12 , H_e/H_ie , trans-S/S , 4
PSU:G , 12 , H_e/H_ie , trans-S/W , 3
G:U , 12 , H_i/H_qe , cis-S/H , 1
G:U , 12 , H_ie/H_ie , NA , 1
G:G , 12 , H/H , trans-S/H , 3
G:G , 12 , H/H_i , cis-W/H , 3
G:C , 12 , H_i/H_i , NA , 2
G:A , 12 , H_qe/H_qe , NA , 1
G:A , 12 , H/H_qe , trans-S/H , 1
C:G , 12 , H/H_qe , cis-H/W , 1
C:A , 12 , H_qe/H , trans-W/H , 2
C:A , 12 , H/H , trans-W/H , 3
C:A , 12 , H/H_qe , cis-W/W , 2
C:A , 12 , H_e/H_e , trans-W/W , 1
A:U , 12 , H_qe/H_i , NA , 3
A:G , 12 , H_qe/H_i , NA , 1
A:G , 12 , H_ie/H_e , trans-H/S , 2
A:C , 12 , H_qe/H_qe , cis-W/W , 1
A:A , 12 , H/H_qe , trans-W/W , 1
A:A , 12 , H/H , NA , 2
A:A , 12 , H/H_i , trans-W/H , 1
U:U , 11 , H_qe/H_qe , NA , 1
U:U , 11 , H_e/H_ie , NA , 2
U:G , 11 , H_qe/H_qe , cis-W/W , 4
U:G , 11 , H_e/H_ie , trans-S/W , 1
U:C , 11 , H_qe/H , cis-W/W , 1
U:C , 11 , H/H_qe , cis-W/W , 2
U:C , 11 , H_e/H_e , cis-W/W , 1
U:A , 11 , H_i/H_qe , NA , 1
U:A , 11 , H_i/H , NA , 2
U:A , 11 , H_e/H_e , cis-S/W , 1
G:U , 11 , H_i/H_qe , trans-W/W , 2
G:U , 11 , H_e/H_e , NA , 2
G:G , 11 , H/H , trans-H/S , 3
G:C , 11 , H_i/H , cis-W/W , 2
G:C , 11 , H_ie/H_ie , cis-W/W , 4
G:C , 11 , H_e/H_e , NA , 1
G:A , 11 , H/H_qe , cis-W/S , 2
C:U , 11 , H/H_i , cis-W/W , 2
C:U , 11 , H/H_i , cis-W/W , 1
C:G , 11 , H_qe/H_qe , NA , 1
C:A , 11 , H_qe/H_qe , NA , 2
C:A , 11 , H/H_qe , NA , 3
C:A , 11 , H_e/H_e , NA , 1
A:U , 11 , H_qe/H_qe , NA , 1
A:U , 11 , H_qe/H_i , cis-H/S , 2
A:U , 11 , H_ie/H_ie , NA , 2
A:G , 11 , H_i/H_qe , trans-H/S , 2
A:G , 11 , H/H_i , NA , 1
A:C , 11 , H_qe/H_qe , NA , 2
A:C , 11 , H_qe/H_i , NA , 1
A:C , 11 , H_e/H_ie , NA , 2
A:A , 11 , H_i/H , trans-W/W , 2
A:A , 11 , H_i/H_qe , cis-H/S , 1
A:A , 11 , H/H , trans-W/S , 2
A:A , 11 , H/H , trans-H/S , 1
A:A , 11 , H/H_qe , cis-W/H , 1
U:A , 10 , H_ie/H_ie , NA , 1
U:A , 10 , H_ie/H_e , NA , 1
U:A , 10 , H_e/H_ie , trans-W/W , 1
U:A , 10 , H_e/H_ie , NA , 4
U:A , 10 , H_e/H_e , NA , 2
G:G , 10 , H/H_qe , trans-W/W , 3
G:C , 10 , H_qe/H_i , NA , 3
G:A , 10 , H_ie/H_ie , NA , 2
C:U , 10 , H_qe/H_qe , cis-W/W , 1
C:G , 10 , H_ie/H_ie , cis-W/W , 1
C:G , 10 , H_e/H_ie , NA , 3
C:A , 10 , H_qe/H_qe , cis-W/W , 1
C:A , 10 , H_qe/H , cis-W/W , 1
A:U , 10 , H_qe/H_qe , cis-W/W , 2
A:U , 10 , H_qe/H_i , trans-H/W , 2
A:U , 10 , H_qe/H , cis-W/W , 2
A:G , 10 , H_ie/H_ie , trans-H/S , 2
A:G , 10 , H/H_qe , trans-H/S , 1
A:C , 10 , H_qe/H , trans-H/S , 1
A:C , 10 , H_qe/H_qe , cis-W/W , 3
A:C , 10 , H_ie/H_e , NA , 1
A:C , 10 , H/H , NA , 1
A:A , 10 , H_qe/H_i , NA , 1
A:A , 10 , H/H_i , trans-W/W , 2
U:U , 9 , H_qe/H_qe , trans-W/W , 2
U:U , 9 , H_ie/H_ie , NA , 1
U:U , 9 , H/H , cis-W/W , 4
U:G , 9 , H_qe/H , cis-W/W , 4
U:G , 9 , H/H , trans-W/W , 2
U:G , 9 , H_e/H_ie , NA , 2
U:G , 9 , H_e/H_e , NA , 3
U:C , 9 , H_qe/H_qe , NA , 1
U:A , 9 , H_qe/H_qe , cis-W/W , 2
U:A , 9 , H/H_qe , NA , 2
U:A , 9 , H/H_qe , NA , 1
U:A , 9 , H/H_qe , cis-W/W , 2
U:A , 9 , H/H_i , trans-W/S , 1
G:U , 9 , H_qe/H_qe , NA , 2
G:U , 9 , H_qe/H_qe , NA , 1
G:U , 9 , H_qe/H , NA , 3
G:G , 9 , H/H_qe , trans-W/W , 2
G:C , 9 , H_qe/H_qe , NA , 3
G:C , 9 , H_ie/H_ie , NA , 3
G:C , 9 , H_ie/H_e , cis-W/W , 3
G:C , 9 , H_ie/H_e , cis-W/W , 1
G:C , 9 , H_e/H_e , NA , 4
G:A , 9 , H_qe/H_i , NA , 1
G:A , 9 , H_ie/H_ie , trans-S/H , 2
C:U , 9 , H/H , cis-W/W , 2
C:C , 9 , H/H , trans-S/H , 2
C:C , 9 , H/H_qe , cis-W/W , 1
C:C , 9 , H/H , NA , 2
C:A , 9 , H_qe/H , trans-W/H , 1
C:A , 9 , H_qe/H , cis-W/W , 2
A:U , 9 , H_qe/H , trans-W/S , 1
A:U , 9 , H_qe/H_qe , trans-H/W , 3
A:U , 9 , H_i/H_i , cis-W/W , 1
A:G , 9 , H_qe/H_qe , trans-H/S , 4
A:G , 9 , H_ie/H_ie , NA , 2
A:G , 9 , H/H_i , trans-H/S , 3
A:G , 9 , H_e/H_ie , NA , 2
A:C , 9 , H_e/H_ie , NA , 1
A:A , 9 , H_qe/H_qe , trans-S/H , 1
A:A , 9 , H_qe/H_qe , trans-H/H , 1
A:A , 9 , H_qe/H_qe , cis-W/H , 1
A:A , 9 , H_i/H_i , cis-H/H , 1
A:A , 9 , H_e/H_e , trans-H/H , 3
U:U , 8 , H_i/H_i , NA , 2
U:U , 8 , H_ie/H_ie , NA , 2
U:U , 8 , H/H_qe , cis-W/W , 3
U:U , 8 , H/H_qe , cis-W/H , 1
U:U , 8 , H_e/H_e , NA , 3
U:G , 8 , H_i/H_qe , NA , 3
U:G , 8 , H_e/H_e , trans-W/W , 2
U:G , 8 , H_e/H_e , trans-S/H , 3
U:C , 8 , H/H_qe , cis-W/W , 4
U:A , 8 , H_qe/H_i , trans-W/W , 2
U:A , 8 , H/H_i , NA , 3
G:U , 8 , H_qe/H_i , NA , 3
G:U , 8 , H_qe/H_i , cis-S/H , 2
G:U , 8 , H_ie/H_e , cis-S/H , 2
G:U , 8 , H/H_qe , NA , 3
G:U , 8 , H_e/H_ie , trans-W/W , 2
G:G , 8 , H_qe/H_i , trans-S/S , 3
G:G , 8 , H_i/H_qe , trans-H/W , 2
G:G , 8 , H/H_i , NA , 1
G:G , 8 , H_e/H_ie , NA , 3
G:G , 8 , H_e/H_ie , cis-S/H , 3
G:G , 8 , H_e/H_e , cis-W/W , 2
G:C , 8 , H_ie/H_e , NA , 2
G:C , 8 , H_ie/H_e , cis-W/W , 2
G:C , 8 , H/H_i , trans-W/W , 2
G:A , 8 , H_i/H_i , trans-S/W , 2
G:A , 8 , H/H_qe , trans-S/W , 1
G:A , 8 , H/H_i , NA , 1
G:A , 8 , H_e/H_ie , trans-W/H , 3
C:G , 8 , H_qe/H_qe , NA , 3
C:G , 8 , H_ie/H_ie , NA , 3
C:G , 8 , H_ie/H_ie , cis-W/W , 2
C:G , 8 , H_e/H_ie , cis-W/W , 2
C:A , 8 , H_qe/H , trans-S/H , 2
C:A , 8 , H_qe/H_qe , trans-W/W , 2
C:A , 8 , H/H , trans-W/S , 1
C:A , 8 , H/H_qe , trans-S/H , 1
C:A , 8 , H_e/H_ie , NA , 2
C:A , 8 , H_e/H_e , cis-S/W , 1
A:U , 8 , H_qe/H_qe , cis-W/W , 3
A:U , 8 , H_e/H_ie , NA , 1
A:G , 8 , H_qe/H , NA , 4
A:G , 8 , H_i/H_qe , trans-H/S , 3
A:G , 8 , H_i/H_qe , NA , 3
A:C , 8 , H_qe/H_i , NA , 3
A:C , 8 , H/H_qe , trans-S/W , 2
A:A , 8 , H_qe/H_qe , trans-H/H , 2
A:A , 8 , H_qe/H_qe , cis-S/W , 2
A:A , 8 , H_qe/H_i , cis-S/W , 2
A:A , 8 , H_ie/H_ie , NA , 2
U:U , 7 , H_qe/H , NA , 1
U:U , 7 , H/H_qe , NA , 2
U:U , 7 , H_e/H_e , cis-W/W , 3
U:G , 7 , H_qe/H_qe , NA , 1
U:G , 7 , H_qe/H , NA , 3
U:G , 7 , H_qe/H , NA , 2
U:G , 7 , H_qe/H_i , NA , 1
U:G , 7 , H_qe/H_i , cis-H/S , 2
U:G , 7 , H_i/H , cis-S/W , 2
U:G , 7 , H_e/H_ie , NA , 3
U:G , 7 , H_e/H_ie , cis-W/W , 2
U:C , 7 , H_ie/H_ie , NA , 2
U:C , 7 , H/H , trans-W/W , 1
U:C , 7 , H/H_qe , cis-W/W , 1
U:A , 7 , H_qe/H , NA , 2
U:A , 7 , H_qe/H_i , NA , 1
U:A , 7 , H_i/H_qe , NA , 2
U:A , 7 , H_ie/H_ie , trans-W/H , 2
U:A , 7 , H/H_qe , cis-W/H , 2
U:A , 7 , H/H_i , trans-W/W , 2
U:A , 7 , H_e/H_ie , trans-W/H , 1
U:A , 7 , H_e/H_ie , trans-S/S , 5
U:A , 7 , H_e/H_e , trans-S/H , 3
U:A , 7 , H_e/H_e , cis-W/H , 2
G:U , 7 , H_qe/H , cis-W/W , 1
G:U , 7 , H_ie/H_e , NA , 3
G:U , 7 , H_e/H_ie , cis-W/W , 2
G:G , 7 , H_qe/H_qe , NA , 2
G:G , 7 , H/H_qe , cis-W/H , 3
G:G , 7 , H/H_i , NA , 2
G:G , 7 , H/H , cis-W/H , 2
G:G , 7 , H_e/H_e , trans-W/H , 3
G:C , 7 , H_qe/H_qe , NA , 4
G:C , 7 , H_qe/H , NA , 4
G:C , 7 , H_i/H , NA , 2
G:C , 7 , H_i/H_i , cis-W/W , 1
G:C , 7 , H_ie/H_ie , trans-W/W , 3
G:C , 7 , H_ie/H_ie , cis-W/W , 2
G:C , 7 , H/H_qe , NA , 1
G:A , 7 , H_qe/H , trans-S/H , 4
G:A , 7 , H_ie/H_ie , trans-W/H , 3
C:G , 7 , H_e/H_ie , NA , 1
C:G , 7 , H_e/H_ie , cis-W/H , 2
C:G , 7 , H_e/H_ie , cis-W/H , 1
C:C , 7 , H/H , trans-W/S , 2
C:A , 7 , H_ie/H_ie , NA , 3
C:A , 7 , H/H , trans-W/S , 2
C:A , 7 , H/H , cis-W/W , 3
C:A , 7 , H_e/H_ie , NA , 4
A:U , 7 , H_qe/H , trans-H/W , 3
A:U , 7 , H_qe/H , trans-H/S , 1
A:U , 7 , H_i/H , trans-H/W , 1
A:U , 7 , H_ie/H_e , NA , 2
A:G , 7 , H_qe/H_qe , trans-H/W , 2
A:G , 7 , H_qe/H , cis-S/W , 2
A:G , 7 , H_i/H , NA , 2
A:C , 7 , H_qe/H , trans-W/S , 1
A:C , 7 , H_i/H , trans-H/W , 3
A:C , 7 , H_i/H_qe , cis-W/S , 2
A:C , 7 , H/H , trans-S/H , 1
A:A , 7 , H_i/H , trans-W/H , 3
A:A , 7 , H/H , trans-H/S , 3
A:A , 7 , H_e/H_ie , trans-H/H , 3
U:G , 6 , H_i/H_qe , cis-H/S , 2
U:G , 6 , H_e/H_ie , trans-W/H , 2
U:G , 6 , H_e/H_ie , cis-W/W , 3
U:C , 6 , H/H_qe , NA , 2
U:C , 6 , H/H , NA , 3
U:C , 6 , H/H , cis-W/W , 3
U:C , 6 , H_e/H_ie , NA , 1
U:A , 6 , H_qe/H_qe , trans-W/H , 4
U:A , 6 , H_qe/H_qe , trans-W/H , 1
U:A , 6 , H_qe/H_qe , NA , 3
U:A , 6 , H_qe/H_i , cis-S/H , 1
U:A , 6 , H_i/H_qe , trans-W/H , 3
U:A , 6 , H_i/H_qe , NA , 3
U:A , 6 , H_i/H , cis-W/S , 1
U:A , 6 , H_ie/H_ie , trans-W/W , 2
U:A , 6 , H/H_qe , trans-S/H , 1
U:A , 6 , H/H_i , NA , 2
U:A , 6 , H/H_i , NA , 1
U:A , 6 , H_e/H_ie , NA , 5
U:A , 6 , H_e/H_ie , cis-W/H , 1
PSU:G , 6 , H/H_qe , cis-W/W , 3
G:U , 6 , H_ie/H_ie , NA , 4
G:U , 6 , H_e/H_ie , NA , 1
G:U , 6 , H_e/H_e , NA , 1
G:G , 6 , H_qe/H_qe , cis-W/S , 2
G:G , 6 , H_ie/H_e , cis-H/W , 2
G:G , 6 , H/H , trans-W/H , 2
G:G , 6 , H/H_qe , NA , 3
G:G , 6 , H/H_qe , cis-W/W , 3
G:G , 6 , H/H , cis-H/W , 3
G:C , 6 , H_qe/H , cis-W/H , 1
G:C , 6 , H_i/H_i , cis-W/W , 2
G:C , 6 , H_ie/H_ie , NA , 1
G:C , 6 , H_e/H_ie , trans-W/W , 3
G:A , 6 , H_qe/H , trans-W/H , 3
G:A , 6 , H_qe/H_qe , NA , 4
G:A , 6 , H_qe/H , NA , 4
G:A , 6 , H_qe/H_i , trans-S/W , 2
G:A , 6 , H/H_qe , trans-S/H , 4
G:A , 6 , H/H_qe , NA , 2
G:A , 6 , H_e/H_e , trans-W/S , 3
C:U , 6 , H/H_i , NA , 2
C:G , 6 , H_qe/H_i , cis-W/W , 3
C:G , 6 , H_i/H_qe , cis-W/W , 2
C:G , 6 , H_ie/H_e , NA , 2
C:C , 6 , H_i/H , cis-W/W , 3
C:C , 6 , H_ie/H_e , cis-W/W , 2
C:C , 6 , H/H , trans-W/W , 1
C:C , 6 , H/H_qe , NA , 1
C:A , 6 , H_qe/H_i , NA , 2
C:A , 6 , H_i/H_qe , NA , 1
C:A , 6 , H/H_qe , trans-W/W , 4
C:A , 6 , H/H_qe , cis-W/W , 1
C:A , 6 , H_e/H_ie , cis-W/W , 3
A:U , 6 , H_qe/H_qe , NA , 3
A:U , 6 , H_ie/H_e , cis-H/W , 3
A:U , 6 , H/H_qe , trans-H/W , 4
A:G , 6 , H_i/H_qe , NA , 1
A:G , 6 , H_ie/H_ie , NA , 3
A:G , 6 , H_ie/H_e , NA , 1
A:G , 6 , H/H_qe , trans-H/W , 2
A:C , 6 , H_qe/H , trans-W/W , 4
A:C , 6 , H_qe/H_qe , cis-W/W , 2
A:C , 6 , H_i/H , cis-W/S , 2
A:C , 6 , H/H_qe , trans-S/H , 1
A:C , 6 , H/H , NA , 3
A:C , 6 , H_e/H_e , trans-H/W , 2
A:A , 6 , H_qe/H , trans-W/H , 2
A:A , 6 , H_qe/H_qe , trans-H/S , 1
A:A , 6 , H_i/H , trans-H/W , 1
A:A , 6 , H_i/H_i , trans-W/H , 2
A:A , 6 , H_ie/H_ie , NA , 3
A:A , 6 , H/H , trans-H/W , 1
A:A , 6 , H/H_qe , NA , 3
A:A , 6 , H/H_i , trans-W/H , 2
A:A , 6 , H_e/H_e , trans-S/H , 1
A:A , 6 , H_e/H_e , cis-W/W , 1
U:U , 5 , H_qe/H , NA , 2
U:U , 5 , H_ie/H_e , NA , 2
U:U , 5 , H_ie/H_e , NA , 1
U:G , 5 , H_qe/H , trans-W/W , 1
U:G , 5 , H_qe/H_qe , NA , 2
U:G , 5 , H_qe/H_qe , cis-W/W , 5
U:G , 5 , H_ie/H_ie , NA , 1
U:G , 5 , H/H_qe , NA , 3
U:G , 5 , H_e/H_ie , trans-W/H , 3
U:G , 5 , H_e/H_e , trans-S/W , 1
U:G , 5 , H_e/H_e , trans-S/H , 2
U:G , 5 , H_e/H_e , cis-S/W , 2
U:C , 5 , H_qe/H_qe , cis-W/W , 2
U:C , 5 , H_e/H_ie , NA , 2
U:C , 5 , H_e/H_e , trans-W/. , 1
U:A , 5 , H_qe/H_i , cis-W/H , 2
U:A , 5 , H_i/H_i , NA , 2
U:A , 5 , H/H , trans-W/H , 3
U:A , 5 , H/H , NA , 2
U:A , 5 , H_e/H_ie , trans-W/W , 3
U:A , 5 , H_e/H_ie , trans-W/H , 4
U:A , 5 , H_e/H_e , trans-W/H , 2
U:A , 5 , H_e/H_e , trans-S/S , 3
U:A , 5 , H_e/H_e , cis-W/W , 3
PSU:G , 5 , H_e/H_ie , NA , 1
H2U:U , 5 , H_e/H_ie , trans-W/W , 2
G:U , 5 , H_qe/H_qe , NA , 4
G:U , 5 , H_qe/H_qe , NA , 3
G:U , 5 , H_i/H_qe , NA , 1
G:U , 5 , H/H_qe , trans-S/W , 1
G:U , 5 , H_e/H_e , trans-W/W , 1
G:U , 5 , H_e/H_e , NA , 3
G:G , 5 , H_qe/H , NA , 1
G:G , 5 , H_qe/H_i , NA , 1
G:G , 5 , H/H , trans-W/W , 2
G:G , 5 , H/H , trans-S/H , 1
G:G , 5 , H/H_qe , trans-S/W , 1
G:G , 5 , H/H_qe , NA , 1
G:G , 5 , H_e/H_ie , NA , 4
G:G , 5 , H_e/H_e , NA , 4
G:C , 5 , H_qe/H , NA , 3
G:C , 5 , H_i/H_i , NA , 3
G:C , 5 , H/H_qe , NA , 4
G:C , 5 , H_e/H_ie , trans-W/W , 1
G:C , 5 , H_e/H_ie , NA , 3
G:A , 5 , H_i/H_i , trans-S/H , 2
G:A , 5 , H_ie/H_e , trans-S/H , 3
G:A , 5 , H_ie/H_e , NA , 3
G:A , 5 , H_ie/H_e , NA , 2
G:A , 5 , H/H , trans-W/H , 3
G:A , 5 , H/H_qe , cis-W/W , 1
G:A , 5 , H/H_i , trans-S/H , 1
G:A , 5 , H_e/H_ie , trans-S/W , 1
G:A , 5 , H_e/H_ie , trans-S/H , 1
G:A , 5 , H_e/H_e , NA , 4
C:U , 5 , H_ie/H_e , cis-W/W , 2
C:U , 5 , H/H_qe , NA , 1
C:U , 5 , H/H_i , NA , 1
C:G , 5 , H_qe/H_qe , NA , 4
C:G , 5 , H_i/H_qe , cis-W/W , 1
C:G , 5 , H_i/H , NA , 1
C:G , 5 , H_ie/H_e , cis-W/W , 1
C:G , 5 , H/H , cis-S/W , 1
C:G , 5 , H_e/H_ie , NA , 2
C:C , 5 , H_i/H_qe , NA , 1
C:C , 5 , H_i/H , NA , 3
C:C , 5 , H/H , trans-W/W , 2
C:C , 5 , H_e/H_ie , NA , 2
C:A , 5 , H_i/H_qe , trans-W/W , 2
C:A , 5 , H_i/H_i , NA , 2
C:A , 5 , H_ie/H_ie , trans-S/H , 2
C:A , 5 , H_ie/H_e , NA , 4
C:A , 5 , H/H_i , NA , 2
C:A , 5 , H/H_i , cis-S/S , 2
C:A , 5 , H_e/H_e , trans-W/H , 3
A:U , 5 , H_qe/H_i , cis-H/S , 1
A:U , 5 , H_i/H_qe , cis-W/W , 3
A:U , 5 , H_i/H_qe , cis-W/W , 2
A:U , 5 , H_i/H_qe , cis-H/S , 3
A:U , 5 , H_ie/H_ie , NA , 1
A:U , 5 , H_ie/H_e , cis-H/W , 2
A:U , 5 , H/H_qe , trans-H/W , 1
A:U , 5 , H/H_i , trans-W/W , 2
A:U , 5 , H/H_i , NA , 2
A:U , 5 , H/H_i , cis-H/W , 4
A:U , 5 , H/H_i , cis-H/S , 4
A:U , 5 , H_e/H_ie , NA , 3
A:G , 5 , H_qe/H , trans-H/S , 4
A:G , 5 , H_qe/H_qe , cis-W/W , 1
A:G , 5 , H_i/H , trans-W/S , 1
A:G , 5 , H_i/H_i , NA , 2
A:G , 5 , H_ie/H_ie , NA , 1
A:G , 5 , H_ie/H_e , trans-H/W , 2
A:G , 5 , H_ie/H_e , trans-H/S , 3
A:G , 5 , H_ie/H_e , NA , 3
A:G , 5 , H/H_qe , trans-H/W , 1
A:G , 5 , H/H_qe , cis-W/H , 2
A:G , 5 , H_e/H_ie , NA , 1
A:G , 5 , H_e/H_e , cis-W/W , 3
A:C , 5 , H_qe/H_qe , trans-H/W , 2
A:C , 5 , H_ie/H_ie , trans-H/S , 1
A:C , 5 , H/H_qe , NA , 1
A:C , 5 , H_e/H_ie , trans-H/W , 1
A:C , 5 , H_e/H_e , NA , 2
A:C , 5 , H_e/H_e , NA , 1
A:C , 5 , H_e/H_e , cis-W/W , 2
A:A , 5 , H_qe/H_qe , trans-W/H , 1
A:A , 5 , H_qe/H_qe , NA , 3
A:A , 5 , H_qe/H_qe , NA , 1
A:A , 5 , H_i/H_qe , trans-H/W , 2
A:A , 5 , H_i/H_qe , cis-S/H , 2
A:A , 5 , H_i/H_i , NA , 2
A:A , 5 , H_i/H_i , cis-S/H , 1
A:A , 5 , H_ie/H_e , trans-W/W , 2
A:A , 5 , H_ie/H_e , cis-H/H , 2
A:A , 5 , H/H_qe , trans-S/H , 3
A:A , 5 , H/H_i , trans-W/W , 1
A:A , 5 , H_e/H_e , NA , 3
A:4SU , 5 , H/H_i , trans-H/W , 2
5MU:A , 5 , H/H_i , trans-W/H , 3
U:U , 4 , H_qe/H_qe , NA , 2
U:U , 4 , H_qe/H_qe , cis-W/S , 2
U:U , 4 , H_qe/H_i , cis-W/W , 3
U:U , 4 , H_i/H , NA , 1
U:U , 4 , H_i/H , cis-W/W , 1
U:U , 4 , H_ie/H_ie , trans-W/W , 3
U:U , 4 , H_e/H_ie , trans-W/H , 2
U:U , 4 , H_e/H_ie , cis-W/W , 3
U:U , 4 , H_e/H_e , cis-W/W , 1
U:G , 4 , H_qe/H_qe , NA , 4
U:G , 4 , H_qe/H_qe , cis-S/W , 2
U:G , 4 , H_i/H_qe , NA , 2
U:G , 4 , H_i/H_qe , cis-W/W , 1
U:G , 4 , H_i/H_qe , cis-W/H , 1
U:G , 4 , H/H_qe , cis-W/W , 5
U:G , 4 , H/H_qe , cis-W/W , 1
U:G , 4 , H_e/H_ie , NA , 1
U:G , 4 , H_e/H_ie , cis-W/W , 4
U:G , 4 , H_e/H_e , trans-S/W , 4
U:C , 4 , H_qe/H_qe , trans-W/W , 1
U:C , 4 , H_qe/H , NA , 2
U:C , 4 , H_qe/H , cis-S/W , 2
U:C , 4 , H_i/H_i , NA , 1
U:C , 4 , H/H_qe , cis-W/W , 3
U:C , 4 , H_e/H_ie , NA , 3
U:C , 4 , H_e/H_e , trans-W/W , 1
U:C , 4 , H_e/H_e , trans-S/W , 1
U:A , 4 , H_qe/H , trans-W/W , 1
U:A , 4 , H_i/H_i , trans-W/H , 3
U:A , 4 , H_i/H_i , NA , 4
U:A , 4 , H_i/H , cis-W/S , 3
U:A , 4 , H_ie/H_ie , trans-S/W , 1
U:A , 4 , H/H_qe , trans-W/H , 1
U:A , 4 , H/H_qe , cis-W/W , 3
U:A , 4 , H/H , cis-W/H , 2
U:A , 4 , H_e/H_ie , trans-S/S , 6
U:A , 4 , H_e/H_ie , trans-S/S , 3
U:A , 4 , H_e/H_ie , trans-S/H , 2
U:A , 4 , H_e/H_ie , cis-W/H , 4
U:A , 4 , H_e/H_e , trans-S/S , 5
U:A , 4 , H_e/H_e , trans-S/H , 4
U:A , 4 , H_e/H_e , cis-W/H , 3
PSU:G , 4 , H/H , cis-W/W , 3
G:U , 4 , H_qe/H_i , cis-W/W , 2
G:U , 4 , H_ie/H_ie , cis-S/H , 1
G:U , 4 , H_ie/H_e , cis-S/W , 1
G:U , 4 , H/H_qe , trans-S/H , 1
G:U , 4 , H_e/H_ie , cis-W/W , 3
G:U , 4 , H_e/H_e , trans-S/H , 1
G:PPU , 4 , H_e/H_ie , NA , 2
G:G , 4 , H_qe/H_qe , cis-W/W , 2
G:G , 4 , H_i/H_i , NA , 3
G:G , 4 , H_ie/H_ie , trans-S/H , 1
G:G , 4 , H_ie/H_e , NA , 1
G:G , 4 , H/H_qe , trans-H/S , 1
G:G , 4 , H/H_qe , cis-W/H , 2
G:G , 4 , H/H , NA , 3
G:G , 4 , H/H_i , cis-H/W , 2
G:G , 4 , H_e/H_ie , trans-W/W , 1
G:G , 4 , H_e/H_e , trans-S/H , 1
G:C , 4 , H_qe/H_i , NA , 1
G:C , 4 , H_i/H_qe , NA , 4
G:C , 4 , H_i/H_qe , cis-W/W , 1
G:C , 4 , H_i/H , cis-W/W , 4
G:C , 4 , H_i/H , cis-W/W , 3
G:C , 4 , H/H_qe , cis-W/S , 3
G:C , 4 , H_e/H_ie , NA , 1
G:C , 4 , H_e/H_ie , cis-W/W , 2
G:A , 4 , H_qe/H , trans-H/W , 2
G:A , 4 , H_qe/H_qe , trans-W/H , 1
G:A , 4 , H_qe/H_i , trans-S/H , 3
G:A , 4 , H_qe/H , cis-W/W , 1
G:A , 4 , H_qe/H , cis-H/W , 2
G:A , 4 , H_i/H_qe , NA , 3
G:A , 4 , H_ie/H_ie , cis-S/W , 2
G:A , 4 , H/H , trans-S/H , 5
G:A , 4 , H/H_i , trans-S/W , 2
G:A , 4 , H_e/H_ie , trans-W/H , 2
G:A , 4 , H_e/H_ie , cis-W/H , 2
C:G , 4 , H_qe/H , NA , 3
C:G , 4 , H_qe/H , NA , 1
C:G , 4 , H_qe/H_i , NA , 3
C:G , 4 , H_qe/H , cis-S/W , 2
C:G , 4 , H_i/H_i , NA , 4
C:G , 4 , H_ie/H_ie , NA , 4
C:G , 4 , H_ie/H_ie , NA , 2
C:G , 4 , H_ie/H_e , NA , 3
C:G , 4 , H/H_qe , cis-H/. , 1
C:G , 4 , H_e/H_ie , NA , 5
C:G , 4 , H_e/H_e , NA , 4
C:C , 4 , H_qe/H_qe , trans-W/S , 1
C:C , 4 , H_qe/H_qe , cis-W/S , 2
C:C , 4 , H/H_qe , NA , 2
C:A , 4 , H_qe/H_qe , trans-W/H , 2
C:A , 4 , H_ie/H_ie , NA , 2
C:A , 4 , H/H_qe , trans-W/H , 4
C:A , 4 , H/H_qe , cis-W/W , 3
C:A , 4 , H/H_qe , cis-S/W , 2
C:A , 4 , H_e/H_e , trans-W/H , 1
A:U , 4 , H_qe/H_i , cis-H/W , 2
A:U , 4 , H_i/H_qe , NA , 2
A:U , 4 , H_i/H_i , cis-W/S , 2
A:U , 4 , H_ie/H_e , trans-H/W , 3
A:U , 4 , H_ie/H_e , trans-H/W , 2
A:U , 4 , H/H_qe , NA , 2
A:U , 4 , H/H , NA , 3
A:U , 4 , H_e/H_e , cis-W/W , 2
A:G , 4 , H_i/H_qe , trans-W/S , 1
A:G , 4 , H_i/H , NA , 3
A:G , 4 , H/H , NA , 4
A:G , 4 , H_e/H_e , cis-W/W , 2
A:C , 4 , H_qe/H , cis-W/W , 1
A:C , 4 , H_i/H , trans-W/W , 2
A:C , 4 , H/H_qe , NA , 2
A:C , 4 , H_e/H_e , trans-S/H , 2
A:A , 4 , H_qe/H , trans-S/H , 2
A:A , 4 , H_qe/H_qe , trans-S/H , 2
A:A , 4 , H_qe/H_i , trans-H/H , 3
A:A , 4 , H_qe/H_i , cis-H/S , 1
A:A , 4 , H_qe/H , cis-W/H , 1
A:A , 4 , H_i/H , trans-W/H , 1
A:A , 4 , H_i/H_qe , cis-S/H , 1
A:A , 4 , H_i/H , cis-S/W , 2
A:A , 4 , H/H_qe , trans-W/W , 3
A:A , 4 , H/H_qe , NA , 4
A:A , 4 , H/H_i , cis-W/S , 2
A:A , 4 , H_e/H_ie , trans-W/H , 1
A:A , 4 , H_e/H_ie , trans-S/W , 1
A:A , 4 , H_e/H_ie , cis-S/W , 2
U:U , 3 , H_qe/H , trans-W/W , 2
U:U , 3 , H_qe/H_qe , NA , 4
U:U , 3 , H_qe/H , cis-W/W , 1
U:U , 3 , H_i/H , trans-H/W , 1
U:U , 3 , H_i/H_i , cis-W/W , 2
U:U , 3 , H_ie/H_ie , trans-W/W , 1
U:U , 3 , H_ie/H_e , NA , 3
U:U , 3 , H/H_qe , cis-W/W , 4
U:U , 3 , H/H , NA , 3
U:U , 3 , H_e/H_ie , NA , 1
U:U , 3 , H_e/H_e , cis-S/W , 2
U:G , 3 , H_i/H_qe , NA , 1
U:G , 3 , H_ie/H_ie , cis-H/S , 3
U:G , 3 , H/H_qe , NA , 5
U:G , 3 , H/H_i , cis-W/W , 2
U:G , 3 , H_e/H_e , trans-W/W , 3
U:C , 3 , H_qe/H_qe , cis-W/W , 3
U:C , 3 , H_ie/H_e , NA , 3
U:C , 3 , H_ie/H_e , NA , 1
U:C , 3 , H/H , NA , 1
U:A , 3 , H_qe/H_qe , NA , 4
U:A , 3 , H_qe/H_qe , cis-W/H , 2
U:A , 3 , H_qe/H_i , trans-W/H , 1
U:A , 3 , H_qe/H_i , NA , 2
U:A , 3 , H_qe/H_i , cis-W/W , 1
U:A , 3 , H_i/H_qe , cis-W/H , 2
U:A , 3 , H_i/H_i , NA , 3
U:A , 3 , H_ie/H_ie , trans-S/H , 2
U:A , 3 , H_ie/H_ie , cis-W/H , 2
U:A , 3 , H_ie/H_e , NA , 3
U:A , 3 , H/H , trans-S/H , 1
U:A , 3 , H/H_i , trans-W/H , 4
U:A , 3 , H/H_i , cis-W/H , 1
U:A , 3 , H_e/H_e , trans-S/W , 2
I:U , 3 , H/H , cis-W/W , 2
H2U:U , 3 , H_e/H_ie , trans-W/W , 4
G:U , 3 , H_qe/H_i , cis-W/W , 3
G:U , 3 , H_i/H_qe , NA , 3
G:U , 3 , H_i/H_i , cis-W/W , 3
G:U , 3 , H_i/H_i , cis-W/W , 2
G:U , 3 , H/H_qe , cis-W/S , 1
G:U , 3 , H/H , NA , 4
G:U , 3 , H/H_i , NA , 3
G:U , 3 , H/H , cis-W/S , 3
G:U , 3 , H/H , cis-W/S , 2
G:U , 3 , H_e/H_ie , trans-W/. , 3
G:G , 3 , H_qe/H_qe , trans-W/W , 2
G:G , 3 , H_qe/H_qe , trans-S/S , 4
G:G , 3 , H_qe/H_qe , trans-H/W , 2
G:G , 3 , H_qe/H_i , cis-H/W , 1
G:G , 3 , H_qe/H , cis-W/W , 1
G:G , 3 , H_qe/H , cis-S/W , 1
G:G , 3 , H_i/H_qe , NA , 3
G:G , 3 , H_ie/H_ie , NA , 1
G:G , 3 , H_ie/H_e , NA , 2
G:G , 3 , H/H_qe , trans-W/H , 2
G:G , 3 , H/H_qe , trans-H/W , 2
G:G , 3 , H/H_qe , trans-H/W , 1
G:G , 3 , H/H_qe , trans-H/S , 2
G:G , 3 , H/H , NA , 2
G:G , 3 , H/H_i , cis-W/H , 1
G:C , 3 , H_qe/H_qe , NA , 1
G:C , 3 , H_qe/H_i , trans-W/W , 3
G:C , 3 , H_qe/H , cis-W/S , 2
G:C , 3 , H_i/H_qe , NA , 3
G:C , 3 , H_i/H , NA , 1
G:C , 3 , H_i/H_i , cis-W/W , 3
G:C , 3 , H_ie/H_ie , NA , 4
G:C , 3 , H_ie/H_e , NA , 4
G:C , 3 , H_ie/H_e , NA , 1
G:C , 3 , H/H , cis-H/W , 2
G:A , 3 , H_qe/H_qe , trans-S/W , 2
G:A , 3 , H_qe/H_qe , cis-H/H , 1
G:A , 3 , H_qe/H_i , trans-S/H , 2
G:A , 3 , H_i/H_qe , NA , 2
G:A , 3 , H_i/H_qe , cis-W/W , 2
G:A , 3 , H_i/H_i , trans-S/H , 3
G:A , 3 , H_i/H_i , NA , 2
G:A , 3 , H_i/H_i , cis-H/S , 3
G:A , 3 , H_ie/H_ie , cis-S/H , 2
G:A , 3 , H_e/H_ie , cis-W/W , 1
G:A , 3 , H_e/H_e , trans-W/H , 1
G:A , 3 , H_e/H_e , trans-S/H , 5
G:A , 3 , H_e/H_e , cis-W/S , 3
G:5MC , 3 , H_e/H_ie , trans-W/W , 2
G:5BU , 3 , H/H , cis-W/W , 3
G:5AA , 3 , H_e/H_ie , NA , 2
C:U , 3 , H_qe/H_i , trans-H/S , 1
C:U , 3 , H_i/H , NA , 2
C:U , 3 , H_e/H_ie , NA , 2
C:G , 3 , H_qe/H_qe , cis-H/W , 1
C:G , 3 , H_qe/H_i , NA , 4
C:G , 3 , H_i/H_i , cis-W/W , 3
C:G , 3 , H_i/H_i , cis-W/W , 2
C:G , 3 , H_i/H_i , cis-W/W , 1
C:G , 3 , H_ie/H_ie , trans-W/W , 2
C:G , 3 , H_ie/H_ie , cis-W/W , 3
C:G , 3 , H_ie/H_e , NA , 1
C:G , 3 , H/H_qe , trans-W/W , 3
C:G , 3 , H/H_qe , NA , 3
C:G , 3 , H/H_i , NA , 1
C:G , 3 , H/H_i , cis-W/W , 3
C:G , 3 , H_e/H_ie , trans-W/W , 1
C:G , 3 , H_e/H_ie , cis-W/W , 3
C:G , 3 , H_e/H_e , NA , 3
C:C , 3 , H_qe/H_i , NA , 1
C:C , 3 , H_qe/H_i , cis-S/W , 1
C:C , 3 , H_ie/H_ie , NA , 2
C:C , 3 , H_e/H_e , trans-W/W , 1
C:A , 3 , H_qe/H_qe , trans-S/H , 2
C:A , 3 , H_qe/H_qe , NA , 3
C:A , 3 , H_qe/H , cis-W/W , 3
C:A , 3 , H_i/H_qe , NA , 4
C:A , 3 , H_i/H_qe , cis-S/H , 1
C:A , 3 , H_i/H_i , NA , 4
C:A , 3 , H_ie/H_e , NA , 1
C:A , 3 , H/H , trans-W/W , 2
C:A , 3 , H/H_qe , NA , 1
C:A , 3 , H_e/H_ie , NA , 3
A:U , 3 , H_qe/H_qe , trans-W/W , 1
A:U , 3 , H_qe/H_qe , trans-H/W , 4
A:U , 3 , H_qe/H_qe , trans-H/S , 1
A:U , 3 , H_qe/H_qe , NA , 2
A:U , 3 , H_qe/H_i , cis-W/W , 3
A:U , 3 , H_i/H_qe , NA , 3
A:U , 3 , H_i/H_qe , NA , 1
A:U , 3 , H_i/H_qe , cis-H/S , 2
A:U , 3 , H_i/H , NA , 4
A:U , 3 , H_i/H , NA , 3
A:U , 3 , H_i/H_i , trans-H/W , 3
A:U , 3 , H_i/H_i , NA , 3
A:U , 3 , H_i/H_i , cis-W/W , 2
A:U , 3 , H_ie/H_ie , cis-H/W , 3
A:U , 3 , H/H_qe , NA , 3
A:U , 3 , H/H_qe , cis-W/W , 3
A:U , 3 , H/H_i , trans-H/W , 1
A:U , 3 , H_e/H_ie , trans-W/W , 3
A:U , 3 , H_e/H_ie , NA , 2
A:U , 3 , H_e/H_e , NA , 2
A:PSU , 3 , H_e/H_e , cis-W/W , 2
A:OMC , 3 , H_qe/H , trans-W/S , 1
A:G , 3 , H_qe/H_qe , NA , 4
A:G , 3 , H_qe/H_qe , NA , 1
A:G , 3 , H_qe/H , NA , 1
A:G , 3 , H_qe/H_i , trans-H/S , 3
A:G , 3 , H_qe/H_i , trans-H/S , 2
A:G , 3 , H_qe/H_i , cis-H/S , 2
A:G , 3 , H_i/H_qe , cis-W/W , 1
A:G , 3 , H_i/H_i , trans-H/S , 2
A:G , 3 , H/H , NA , 1
A:G , 3 , H/H_i , cis-W/W , 1
A:C , 3 , H_qe/H_i , NA , 4
A:C , 3 , H_ie/H_ie , NA , 3
A:C , 3 , H/H_qe , cis-W/W , 3
A:C , 3 , H/H_qe , cis-W/W , 2
A:C , 3 , H_e/H_e , trans-S/H , 1
A:A , 3 , H_qe/H , trans-W/H , 1
A:A , 3 , H_qe/H , trans-H/S , 2
A:A , 3 , H_qe/H_qe , trans-W/H , 2
A:A , 3 , H_qe/H_qe , trans-H/W , 1
A:A , 3 , H_qe/H_qe , NA , 4
A:A , 3 , H_qe/H_qe , cis-H/H , 1
A:A , 3 , H_qe/H_i , trans-W/H , 2
A:A , 3 , H_qe/H_i , NA , 3
A:A , 3 , H_qe/H_i , cis-S/H , 2
A:A , 3 , H_qe/H , cis-W/W , 1
A:A , 3 , H_i/H_i , trans-W/W , 1
A:A , 3 , H_ie/H_ie , trans-S/W , 2
A:A , 3 , H_ie/H_ie , trans-S/W , 1
A:A , 3 , H/H , trans-W/H , 2
A:A , 3 , H/H , trans-H/H , 4
A:A , 3 , H/H_qe , trans-H/H , 4
A:A , 3 , H/H_qe , trans-H/H , 1
A:A , 3 , H/H_i , cis-W/S , 3
A:A , 3 , H_e/H_ie , NA , 3
A:A , 3 , H_e/H_e , NA , 2
5MU:MAD , 3 , H/H_i , trans-W/H , 2
U:U , 2 , H_qe/H_qe , cis-W/W , 3
U:U , 2 , H_qe/H_qe , cis-H/W , 1
U:U , 2 , H_qe/H_i , cis-W/H , 2
U:U , 2 , H_qe/H_i , cis-W/H , 1
U:U , 2 , H_qe/H , cis-W/W , 3
U:U , 2 , H_i/H , NA , 2
U:U , 2 , H_i/H_i , NA , 1
U:U , 2 , H_i/H , cis-W/W , 3
U:U , 2 , H_ie/H_ie , NA , 5
U:U , 2 , H_ie/H_ie , cis-W/W , 3
U:U , 2 , H_ie/H_e , cis-W/W , 2
U:U , 2 , H/H_qe , trans-W/H , 2
U:U , 2 , H/H_qe , NA , 3
U:U , 2 , H/H_i , NA , 3
U:U , 2 , H/H_i , NA , 1
U:U , 2 , H/H_i , cis-W/W , 3
U:U , 2 , H/H_i , cis-W/W , 1
U:U , 2 , H/H , cis-W/S , 2
U:U , 2 , H_e/H_ie , trans-W/W , 3
U:U , 2 , H_e/H_ie , NA , 3
U:U , 2 , H_e/H_ie , cis-S/W , 3
U:U , 2 , H_e/H_e , trans-W/W , 2
U:I , 2 , H/H , cis-W/W , 2
U:G , 2 , H_qe/H_qe , trans-W/H , 2
U:G , 2 , H_qe/H_i , NA , 4
U:G , 2 , H_qe/H_i , NA , 3
U:G , 2 , H_i/H_i , NA , 2
U:G , 2 , H_i/H_i , cis-W/W , 3
U:G , 2 , H_i/H_i , cis-W/W , 2
U:G , 2 , H_i/H , cis-W/W , 1
U:G , 2 , H_ie/H_ie , trans-S/W , 1
U:G , 2 , H_ie/H_ie , cis-W/W , 1
U:G , 2 , H_ie/H_e , NA , 3
U:G , 2 , H/H_qe , NA , 2
U:G , 2 , H/H , NA , 5
U:G , 2 , H_e/H_ie , cis-W/W , 1
U:G , 2 , H_e/H_ie , cis-H/W , 2
U:G , 2 , H_e/H_e , NA , 4
U:G , 2 , H_e/H_e , cis-S/W , 1
U:C , 2 , H_qe/H , cis-S/W , 1
U:C , 2 , H_i/H , NA , 3
U:C , 2 , H_i/H , cis-W/W , 2
U:C , 2 , H_ie/H_ie , NA , 1
U:C , 2 , H/H_qe , NA , 1
U:C , 2 , H/H , NA , 2
U:C , 2 , H_e/H_ie , cis-W/W , 2
U:A , 2 , H_qe/H_qe , trans-W/W , 1
U:A , 2 , H_qe/H_qe , cis-W/W , 3
U:A , 2 , H_qe/H_i , cis-W/H , 1
U:A , 2 , H_qe/H_i , cis-S/H , 2
U:A , 2 , H_i/H , trans-W/H , 4
U:A , 2 , H_i/H_qe , trans-W/H , 2
U:A , 2 , H_i/H_qe , trans-S/H , 1
U:A , 2 , H_i/H_i , NA , 1
U:A , 2 , H_ie/H_ie , trans-W/W , 3
U:A , 2 , H_ie/H_ie , trans-S/W , 2
U:A , 2 , H_ie/H_ie , NA , 3
U:A , 2 , H_ie/H_e , cis-W/H , 3
U:A , 2 , H/H , trans-W/H , 1
U:A , 2 , H/H_qe , cis-W/H , 3
U:A , 2 , H/H , NA , 3
U:A , 2 , H/H_i , trans-W/S , 3
U:A , 2 , H/H_i , cis-W/W , 2
U:A , 2 , H/H , cis-S/W , 1
U:A , 2 , H_e/H_ie , cis-S/H , 2
U:A , 2 , H_e/H_ie , cis-S/H , 1
U:A , 2 , H_e/H_e , trans-S/W , 1
U:A , 2 , H_e/H_e , NA , 3
PSU:G , 2 , H_qe/H_i , trans-S/W , 2
PSU:G , 2 , H_e/H_ie , trans-W/W , 2
PSU:G , 2 , H_e/H_ie , NA , 2
PSU:A , 2 , H/H , cis-W/W , 2
I:I , 2 , H/H , cis-W/H , 1
HPA:C , 2 , H_i/H_qe , cis-W/W , 3
HPA:C , 2 , H_i/H_qe , cis-W/W , 2
G:U , 2 , H_qe/H , NA , 1
G:U , 2 , H_qe/H , cis-W/W , 5
G:U , 2 , H_i/H_qe , cis-W/W , 2
G:U , 2 , H_i/H_i , NA , 1
G:U , 2 , H_i/H_i , cis-S/H , 2
G:U , 2 , H_ie/H_ie , cis-S/H , 2
G:U , 2 , H_ie/H_e , NA , 2
G:U , 2 , H/H , cis-W/S , 4
G:U , 2 , H/H , cis-H/W , 2
G:U , 2 , H_e/H_ie , trans-W/W , 3
G:U , 2 , H_e/H_ie , NA , 2
G:IU , 2 , H/H , cis-W/W , 2
G:G , 2 , H_qe/H , trans-H/S , 2
G:G , 2 , H_qe/H_qe , trans-S/H , 2
G:G , 2 , H_qe/H_qe , trans-H/S , 3
G:G , 2 , H_qe/H_qe , trans-H/S , 2
G:G , 2 , H_qe/H_qe , NA , 3
G:G , 2 , H_qe/H_qe , NA , 1
G:G , 2 , H_qe/H_qe , cis-W/S , 1
G:G , 2 , H_qe/H_qe , cis-W/H , 2
G:G , 2 , H_qe/H_qe , cis-H/W , 2
G:G , 2 , H_qe/H , NA , 2
G:G , 2 , H_qe/H_i , NA , 2
G:G , 2 , H_qe/H , cis-W/W , 5
G:G , 2 , H_qe/H , cis-W/W , 4
G:G , 2 , H_i/H_qe , trans-W/W , 2
G:G , 2 , H_i/H_qe , trans-W/W , 1
G:G , 2 , H_i/H_qe , NA , 2
G:G , 2 , H_i/H_i , trans-S/S , 3
G:G , 2 , H_i/H_i , NA , 1
G:G , 2 , H_ie/H_ie , trans-S/S , 5
G:G , 2 , H/H , trans-H/W , 2
G:G , 2 , H/H , trans-H/W , 1
G:G , 2 , H/H , trans-H/S , 4
G:G , 2 , H/H_qe , trans-W/W , 4
G:G , 2 , H/H , NA , 1
G:G , 2 , H/H_i , trans-W/W , 2
G:G , 2 , H/H_i , cis-H/W , 3
G:G , 2 , H_e/H_ie , cis-W/W , 1
G:G , 2 , H_e/H_ie , cis-S/H , 2
G:G , 2 , H_e/H_e , trans-W/W , 2
G:G , 2 , H_e/H_e , trans-W/H , 2
G:G , 2 , H_e/H_e , trans-W/H , 1
G:G , 2 , H_e/H_e , trans-S/H , 3
G:G , 2 , H_e/H_e , cis-H/W , 2
G:C , 2 , H_qe/H , trans-W/W , 2
G:C , 2 , H_qe/H , trans-W/W , 1
G:C , 2 , H_qe/H_qe , trans-S/W , 2
G:C , 2 , H_qe/H_i , NA , 4
G:C , 2 , H_qe/H_i , cis-W/W , 2
G:C , 2 , H_qe/H_i , cis-W/W , 1
G:C , 2 , H_i/H , trans-W/W , 2
G:C , 2 , H_i/H_qe , trans-W/W , 3
G:C , 2 , H_i/H_qe , cis-W/W , 2
G:C , 2 , H_i/H , NA , 4
G:C , 2 , H_i/H , cis-W/W , 1
G:C , 2 , H_ie/H_ie , cis-W/W , 1
G:C , 2 , H_ie/H_e , NA , 3
G:C , 2 , H_ie/H_e , cis-W/S , 3
G:C , 2 , H_ie/H_e , cis-S/W , 2
G:C , 2 , H_e/H_ie , trans-W/W , 4
G:C , 2 , H_e/H_ie , NA , 4
G:C , 2 , H_e/H_ie , NA , 2
G:C , 2 , H_e/H_ie , cis-W/W , 4
G:C , 2 , H_e/H_ie , cis-W/W , 3
G:C , 2 , H_e/H_e , cis-W/H , 1
G:A , 2 , H_qe/H_qe , trans-W/H , 3
G:A , 2 , H_qe/H_i , trans-S/W , 3
G:A , 2 , H_qe/H , cis-S/W , 3
G:A , 2 , H_i/H , trans-S/H , 4
G:A , 2 , H_i/H , trans-S/H , 2
G:A , 2 , H_ie/H_ie , trans-W/H , 4
G:A , 2 , H_ie/H_ie , cis-S/H , 1
G:A , 2 , H_ie/H_e , trans-S/H , 2
G:A , 2 , H_ie/H_e , NA , 1
G:A , 2 , H/H_qe , trans-W/H , 3
G:A , 2 , H/H_qe , trans-S/W , 2
G:A , 2 , H/H_i , trans-S/W , 3
G:A , 2 , H/H_i , trans-S/S , 3
G:A , 2 , H/H_i , trans-S/H , 2
G:A , 2 , H/H_i , NA , 2
G:A , 2 , H/H_i , cis-S/S , 2
G:A , 2 , H/H , cis-H/W , 2
G:A , 2 , H_e/H_ie , trans-S/S , 3
G:A , 2 , H_e/H_ie , trans-S/H , 4
G:A , 2 , H_e/H_ie , cis-S/H , 2
G:5MU , 2 , H/H_qe , cis-W/W , 2
G:5BU , 2 , H_qe/H_qe , cis-W/W , 2
C:U , 2 , H_qe/H_qe , NA , 1
C:U , 2 , H_qe/H_qe , cis-W/W , 3
C:U , 2 , H_qe/H_i , NA , 3
C:U , 2 , H_i/H_qe , NA , 1
C:U , 2 , H_i/H_i , NA , 2
C:U , 2 , H_ie/H_ie , NA , 2
C:U , 2 , H/H_qe , trans-H/S , 1
C:U , 2 , H/H , NA , 2
C:U , 2 , H/H_i , cis-W/W , 4
C:U , 2 , H/H , cis-W/W , 3
C:U , 2 , H/H , cis-W/S , 1
C:U , 2 , H_e/H_e , NA , 1
C:G , 2 , H_qe/H_qe , trans-W/W , 2
C:G , 2 , H_qe/H_i , NA , 2
C:G , 2 , H_qe/H_i , cis-W/W , 2
C:G , 2 , H_qe/H , cis-S/W , 3
C:G , 2 , H_i/H_qe , trans-W/S , 2
C:G , 2 , H_i/H_qe , NA , 3
C:G , 2 , H_i/H_qe , NA , 2
C:G , 2 , H_i/H , NA , 2
C:G , 2 , H_i/H_i , NA , 2
C:G , 2 , H_i/H_i , NA , 1
C:G , 2 , H_i/H , cis-W/W , 3
C:G , 2 , H_i/H , cis-W/. , 1
C:G , 2 , H_ie/H_ie , trans-W/W , 4
C:G , 2 , H_ie/H_ie , trans-W/W , 3
C:G , 2 , H_ie/H_ie , cis-W/W , 4
C:G , 2 , H_ie/H_e , NA , 4
C:G , 2 , H/H_qe , cis-H/W , 3
C:G , 2 , H/H_i , NA , 3
C:G , 2 , H_e/H_ie , trans-W/W , 3
C:G , 2 , H_e/H_ie , NA , 4
C:C , 2 , H_qe/H_qe , trans-H/S , 1
C:C , 2 , H_qe/H_qe , NA , 1
C:C , 2 , H_i/H , NA , 2
C:C , 2 , H_ie/H_ie , cis-W/W , 1
C:C , 2 , H_ie/H_e , trans-W/W , 2
C:C , 2 , H_ie/H_e , NA , 2
C:C , 2 , H_ie/H_e , cis-W/W , 3
C:C , 2 , H/H , NA , 1
C:C , 2 , H_e/H_e , trans-S/W , 1
C:A , 2 , H_qe/H_i , trans-W/H , 3
C:A , 2 , H_qe/H_i , NA , 1
C:A , 2 , H_qe/H_i , cis-W/H , 1
C:A , 2 , H_i/H , trans-W/W , 1
C:A , 2 , H_i/H_qe , NA , 3
C:A , 2 , H_i/H_i , NA , 3
C:A , 2 , H_ie/H_e , cis-S/H , 2
C:A , 2 , H/H_qe , trans-W/W , 1
C:A , 2 , H_e/H_ie , trans-W/W , 2
C:A , 2 , H_e/H_ie , trans-W/W , 1
C:A , 2 , H_e/H_ie , trans-S/H , 1
C:A , 2 , H_e/H_ie , cis-W/W , 2
C:A , 2 , H_e/H_ie , cis-S/W , 1
C:A , 2 , H_e/H_e , trans-S/W , 1
C:A , 2 , H_e/H_e , trans-S/H , 2
C:A , 2 , H_e/H_e , trans-H/H , 2
A:U , 2 , H_qe/H , NA , 3
A:U , 2 , H_qe/H_i , cis-H/S , 3
A:U , 2 , H_qe/H , cis-W/S , 2
A:U , 2 , H_i/H , trans-W/W , 3
A:U , 2 , H_i/H_qe , trans-W/W , 1
A:U , 2 , H_i/H_i , trans-H/W , 1
A:U , 2 , H_i/H_i , cis-H/W , 3
A:U , 2 , H_ie/H_ie , cis-W/W , 1
A:U , 2 , H_ie/H_e , cis-W/W , 1
A:U , 2 , H/H , trans-H/W , 1
A:U , 2 , H/H_i , cis-W/W , 1
A:U , 2 , H/H_i , cis-H/W , 1
A:U , 2 , H/H_i , cis-H/S , 3
A:U , 2 , H/H , cis-H/W , 2
A:U , 2 , H_e/H_ie , trans-H/W , 2
A:U , 2 , H_e/H_ie , cis-S/W , 3
A:U , 2 , H_e/H_e , trans-H/W , 3
A:U , 2 , H_e/H_e , trans-H/W , 1
A:PSU , 2 , H/H , cis-W/W , 2
A:OMC , 2 , H/H_i , trans-H/W , 1
A:G , 2 , H_qe/H_qe , NA , 5
A:G , 2 , H_qe/H_qe , cis-W/H , 1
A:G , 2 , H_qe/H_i , NA , 3
A:G , 2 , H_qe/H_i , cis-W/W , 2
A:G , 2 , H_i/H , trans-S/S , 2
A:G , 2 , H_i/H_qe , trans-H/S , 1
A:G , 2 , H_i/H_i , NA , 3
A:G , 2 , H_i/H , cis-W/. , 1
A:G , 2 , H_ie/H_ie , trans-W/S , 1
A:G , 2 , H/H_qe , trans-H/S , 4
A:G , 2 , H/H_i , trans-H/S , 2
A:G , 2 , H/H_i , trans-H/S , 1
A:G , 2 , H/H , cis-H/W , 3
A:G , 2 , H_e/H_ie , trans-H/S , 3
A:G , 2 , H_e/H_ie , NA , 3
A:G , 2 , H_e/H_e , NA , 1
A:G , 2 , H_e/H_e , cis-W/W , 1
A:G , 2 , H_e/H_e , cis-S/S , 3
A:C , 2 , H_qe/H , trans-W/S , 2
A:C , 2 , H_qe/H_qe , NA , 3
A:C , 2 , H_qe/H_i , trans-H/W , 4
A:C , 2 , H_qe/H_i , trans-H/W , 1
A:C , 2 , H_qe/H_i , cis-W/W , 1
A:C , 2 , H_qe/H , cis-W/W , 2
A:C , 2 , H_i/H_qe , cis-W/W , 2
A:C , 2 , H_i/H_qe , cis-S/W , 3
A:C , 2 , H_i/H , NA , 1
A:C , 2 , H_i/H_i , NA , 1
A:C , 2 , H_i/H_i , cis-W/W , 1
A:C , 2 , H_i/H , cis-S/W , 2
A:C , 2 , H_ie/H_ie , trans-H/S , 2
A:C , 2 , H_ie/H_ie , cis-H/S , 1
A:C , 2 , H_ie/H_e , trans-W/W , 1
A:C , 2 , H_ie/H_e , NA , 2
A:C , 2 , H_ie/H_e , cis-W/S , 2
A:C , 2 , H_ie/H_e , cis-S/W , 3
A:C , 2 , H/H , trans-S/H , 2
A:C , 2 , H/H_qe , trans-H/W , 4
A:C , 2 , H/H_qe , trans-H/W , 2
A:C , 2 , H_e/H_ie , NA , 3
A:C , 2 , H_e/H_e , trans-S/W , 1
A:A , 2 , H_qe/H , trans-W/W , 1
A:A , 2 , H_qe/H_qe , trans-W/W , 3
A:A , 2 , H_qe/H_qe , trans-W/H , 3
A:A , 2 , H_qe/H_qe , trans-H/W , 3
A:A , 2 , H_qe/H_qe , trans-H/W , 2
A:A , 2 , H_qe/H , NA , 3
A:A , 2 , H_qe/H_i , trans-W/W , 1
A:A , 2 , H_qe/H_i , cis-S/H , 3
A:A , 2 , H_i/H_qe , trans-W/W , 1
A:A , 2 , H_i/H_qe , trans-W/H , 2
A:A , 2 , H_i/H_qe , trans-H/H , 3
A:A , 2 , H_i/H_qe , cis-W/S , 1
A:A , 2 , H_i/H_qe , cis-S/H , 3
A:A , 2 , H_i/H_i , trans-H/W , 1
A:A , 2 , H_i/H_i , NA , 1
A:A , 2 , H_ie/H_ie , trans-W/S , 2
A:A , 2 , H_ie/H_ie , trans-W/H , 2
A:A , 2 , H_ie/H_ie , trans-W/H , 1
A:A , 2 , H_ie/H_ie , cis-W/S , 1
A:A , 2 , H_ie/H_e , NA , 3
A:A , 2 , H_ie/H_e , cis-S/H , 1
A:A , 2 , H/H , trans-H/H , 2
A:A , 2 , H/H_qe , cis-S/W , 2
A:A , 2 , H/H_i , cis-W/W , 1
A:A , 2 , H_e/H_ie , trans-S/W , 2
A:A , 2 , H_e/H_ie , trans-H/H , 2
A:A , 2 , H_e/H_ie , cis-S/H , 1
A:A , 2 , H_e/H_e , trans-W/H , 1
A:A , 2 , H_e/H_e , trans-S/H , 3
A:A , 2 , H_e/H_e , trans-H/H , 4
A:A , 2 , H_e/H_e , trans-H/H , 1
5MU:G , 2 , H/H_i , trans-W/H , 3
5MU:1MA , 2 , H/H_i , trans-W/H , 1
5MC:G , 2 , H/H , cis-W/W , 2
5BU:G , 2 , H_qe/H_qe , cis-W/W , 2
5BU:G , 2 , H/H , cis-W/W , 3
XUG:C , 1 , H/H , cis-W/W , 2
U:U , 1 , H_qe/H_qe , trans-W/W , 3
U:U , 1 , H_qe/H_qe , NA , 3
U:U , 1 , H_qe/H_qe , cis-W/W , 4
U:U , 1 , H_qe/H_qe , cis-W/W , 1
U:U , 1 , H_qe/H_qe , cis-W/H , 1
U:U , 1 , H_qe/H_qe , cis-S/W , 2
U:U , 1 , H_qe/H , NA , 3
U:U , 1 , H_qe/H_i , trans-W/H , 2
U:U , 1 , H_qe/H_i , NA , 1
U:U , 1 , H_i/H , trans-W/S , 2
U:U , 1 , H_i/H_qe , trans-S/W , 2
U:U , 1 , H_i/H_qe , NA , 2
U:U , 1 , H_i/H_qe , NA , 1
U:U , 1 , H_i/H_qe , cis-S/W , 2
U:U , 1 , H_i/H_i , NA , 3
U:U , 1 , H_i/H_i , cis-W/H , 1
U:U , 1 , H_i/H , cis-W/H , 1
U:U , 1 , H_ie/H_ie , NA , 3
U:U , 1 , H_ie/H_ie , cis-S/W , 4
U:U , 1 , H_ie/H_e , trans-W/W , 2
U:U , 1 , H_ie/H_e , NA , 4
U:U , 1 , H/H_qe , trans-W/H , 1
U:U , 1 , H/H_qe , cis-W/H , 2
U:U , 1 , H/H , NA , 4
U:U , 1 , H/H_i , NA , 2
U:U , 1 , H/H_i , cis-W/W , 2
U:U , 1 , H/H , cis-W/S , 1
U:U , 1 , H_e/H_ie , trans-S/H , 2
U:U , 1 , H_e/H_ie , cis-W/H , 2
U:U , 1 , H_e/H_e , trans-S/W , 2
U:U , 1 , H_e/H_e , cis-W/W , 4
U:N6G , 1 , H_qe/H , trans-H/S , 1
U:MTU , 1 , H_ie/H_e , trans-H/S , 1
U:MAD , 1 , H/H_i , trans-W/H , 3
U:I , 1 , H/H , cis-W/W , 3
U:G , 1 , H_qe/H , trans-W/S , 1
U:G , 1 , H_qe/H , trans-./W , 1
U:G , 1 , H_qe/H_qe , NA , 3
U:G , 1 , H_qe/H_i , NA , 5
U:G , 1 , H_qe/H_i , cis-W/W , 4
U:G , 1 , H_qe/H_i , cis-W/W , 1
U:G , 1 , H_qe/H_i , cis-W/S , 5
U:G , 1 , H_qe/H_i , cis-W/S , 4
U:G , 1 , H_qe/H , cis-W/W , 5
U:G , 1 , H_i/H_qe , NA , 5
U:G , 1 , H_i/H_qe , NA , 4
U:G , 1 , H_i/H_qe , cis-W/W , 3
U:G , 1 , H_i/H_qe , cis-W/W , 2
U:G , 1 , H_i/H_qe , cis-W/S , 4
U:G , 1 , H_i/H , NA , 5
U:G , 1 , H_i/H , NA , 4
U:G , 1 , H_i/H , NA , 1
U:G , 1 , H_i/H_i , trans-W/S , 1
U:G , 1 , H_i/H_i , NA , 1
U:G , 1 , H_ie/H_ie , trans-W/S , 2
U:G , 1 , H_ie/H_ie , trans-S/W , 2
U:G , 1 , H_ie/H_ie , NA , 4
U:G , 1 , H_ie/H_ie , NA , 3
U:G , 1 , H_ie/H_ie , cis-W/W , 4
U:G , 1 , H_ie/H_ie , cis-W/W , 3
U:G , 1 , H_ie/H_e , NA , 4
U:G , 1 , H_ie/H_e , NA , 2
U:G , 1 , H_ie/H_e , cis-W/W , 2
U:G , 1 , H_ie/H_e , cis-W/S , 2
U:G , 1 , H/H , trans-W/W , 1
U:G , 1 , H/H_qe , NA , 1
U:G , 1 , H/H_i , trans-S/H , 5
U:G , 1 , H/H_i , NA , 2
U:G , 1 , H/H_i , cis-W/W , 3
U:G , 1 , H/H , cis-W/S , 1
U:G , 1 , H/H , cis-W/H , 3
U:G , 1 , H/H , cis-S/W , 4
U:G , 1 , H_e/H_ie , trans-S/W , 4
U:G , 1 , H_e/H_ie , trans-S/H , 5
U:G , 1 , H_e/H_ie , trans-S/H , 4
U:G , 1 , H_e/H_ie , trans-S/H , 3
U:G , 1 , H_e/H_ie , trans-S/H , 2
U:G , 1 , H_e/H_ie , NA , 4
U:G , 1 , H_e/H_e , trans-W/W , 1
U:G , 1 , H_e/H_e , trans-./W , 1
U:G , 1 , H_e/H_e , trans-S/S , 4
U:G , 1 , H_e/H_e , cis-W/W , 5
U:G , 1 , H_e/H_e , cis-S/W , 3
U:G , 1 , H_e/H_e , cis-S/H , 2
U:GDP , 1 , H_e/H_e , cis-W/W , 2
U:C , 1 , H_qe/H_qe , trans-S/W , 1
U:C , 1 , H_qe/H_qe , trans-S/H , 1
U:C , 1 , H_qe/H_qe , cis-W/S , 3
U:C , 1 , H_qe/H , cis-W/W , 2
U:C , 1 , H_i/H_qe , NA , 3
U:C , 1 , H_i/H , NA , 4
U:C , 1 , H_i/H , NA , 1
U:C , 1 , H_ie/H_ie , trans-W/. , 1
U:C , 1 , H_ie/H_ie , trans-S/H , 1
U:C , 1 , H_ie/H_ie , cis-S/S , 3
U:C , 1 , H_ie/H_e , NA , 2
U:C , 1 , H_ie/H_e , cis-S/W , 3
U:C , 1 , H_ie/H_e , cis-S/W , 2
U:C , 1 , H_ie/H_e , cis-S/W , 1
U:C , 1 , H/H , trans-S/H , 2
U:C , 1 , H/H , trans-S/H , 1
U:C , 1 , H/H_qe , NA , 3
U:C , 1 , H/H , cis-W/H , 2
U:C , 1 , H_e/H_ie , trans-W/W , 3
U:C , 1 , H_e/H_ie , cis-W/W , 1
U:C , 1 , H_e/H_e , trans-W/H , 1
U:C , 1 , H_e/H_e , trans-S/H , 2
U:C , 1 , H_e/H_e , NA , 2
U:A , 1 , H_qe/H , trans-W/H , 4
U:A , 1 , H_qe/H , trans-S/H , 2
U:A , 1 , H_qe/H , trans-S/H , 1
U:A , 1 , H_qe/H_qe , trans-S/H , 2
U:A , 1 , H_qe/H , NA , 3
U:A , 1 , H_qe/H_i , trans-W/W , 1
U:A , 1 , H_qe/H_i , trans-W/H , 4
U:A , 1 , H_qe/H_i , NA , 4
U:A , 1 , H_qe/H_i , cis-S/H , 4
U:A , 1 , H_qe/H , cis-W/W , 3
U:A , 1 , H_qe/H , cis-S/W , 2
U:A , 1 , H_i/H_qe , trans-H/S , 3
U:A , 1 , H_i/H_qe , cis-W/W , 2
U:A , 1 , H_i/H_qe , cis-W/H , 1
U:A , 1 , H_i/H , NA , 5
U:A , 1 , H_i/H , NA , 3
U:A , 1 , H_i/H_i , trans-W/H , 4
U:A , 1 , H_i/H_i , cis-W/H , 4
U:A , 1 , H_i/H_i , cis-W/H , 3
U:A , 1 , H_i/H_i , cis-W/H , 2
U:A , 1 , H_i/H , cis-W/H , 1
U:A , 1 , H_i/H , cis-S/H , 4
U:A , 1 , H_ie/H_ie , trans-W/W , 1
U:A , 1 , H_ie/H_ie , trans-S/H , 3
U:A , 1 , H_ie/H_ie , cis-S/S , 2
U:A , 1 , H_ie/H_ie , cis-S/H , 3
U:A , 1 , H_ie/H_e , trans-W/W , 3
U:A , 1 , H_ie/H_e , trans-W/W , 1
U:A , 1 , H_ie/H_e , cis-W/W , 2
U:A , 1 , H_ie/H_e , cis-W/W , 1
U:A , 1 , H_ie/H_e , cis-S/W , 2
U:A , 1 , H_ie/H_e , cis-S/W , 1
U:A , 1 , H_ie/H_e , cis-S/S , 3
U:A , 1 , H_ie/H_e , cis-H/H , 1
U:A , 1 , H/H_qe , trans-S/H , 6
U:A , 1 , H/H_qe , trans-S/H , 5
U:A , 1 , H/H_qe , NA , 3
U:A , 1 , H/H_i , cis-W/W , 3
U:A , 1 , H/H_i , cis-W/H , 3
U:A , 1 , H_e/H_ie , trans-S/W , 2
U:A , 1 , H_e/H_ie , trans-S/S , 2
U:A , 1 , H_e/H_ie , trans-S/H , 4
U:A , 1 , H_e/H_ie , NA , 6
U:A , 1 , H_e/H_ie , cis-W/W , 2
U:A , 1 , H_e/H_ie , cis-S/H , 4
U:A , 1 , H_e/H_e , trans-W/W , 1
U:A , 1 , H_e/H_e , NA , 4
U:A , 1 , H_e/H_e , cis-W/H , 1
U2N:A , 1 , H_qe/H_qe , trans-W/H , 1
SAM:57 , 1 , H_i/H , NA , 2
PSU:OMG , 1 , H_e/H_ie , trans-S/W , 2
PSU:G , 1 , H_qe/H_i , trans-S/W , 3
PSU:G , 1 , H_ie/H_ie , trans-S/W , 3
PSU:G , 1 , H/H_qe , trans-W/W , 2
PSU:G , 1 , H/H_qe , cis-W/W , 4
PSU:G , 1 , H_e/H_ie , trans-W/W , 1
PSU:G , 1 , H_e/H_ie , trans-./W , 1
PSU:G , 1 , H_e/H_ie , trans-S/W , 1
PSU:A , 1 , H_qe/H_i , trans-W/H , 3
PSU:A , 1 , H/H , cis-W/W , 1
PSU:A , 1 , H_e/H_ie , trans-W/H , 2
OMC:A , 1 , H_e/H_e , cis-W/W , 1
MTU:A , 1 , H_qe/H , cis-W/W , 3
M2G:A , 1 , H/H_qe , cis-W/W , 1
LHU:LG , 1 , H/H , cis-W/W , 3
LHU:LG , 1 , H/H , cis-W/W , 2
LG:LHU , 1 , H/H , cis-W/W , 3
LG:LHU , 1 , H/H , cis-W/W , 2
I:I , 1 , H_qe/H_qe , cis-H/W , 1
I:C , 1 , H/H , cis-X/X , 3
I:C , 1 , H/H , cis-X/X , 2
HPA:74 , 1 , H_i/H_qe , NA , 2
H2U:U , 1 , H_e/H_ie , trans-W/W , 3
H2U:U , 1 , H_e/H_ie , NA , 3
H2U:U , 1 , H_e/H_ie , NA , 2
G:U , 1 , H_qe/H_qe , trans-./H , 1
G:U , 1 , H_qe/H_qe , NA , 5
G:U , 1 , H_qe/H_qe , cis-W/S , 3
G:U , 1 , H_qe/H_qe , cis-W/S , 1
G:U , 1 , H_qe/H_qe , cis-S/W , 2
G:U , 1 , H_qe/H_i , NA , 5
G:U , 1 , H_qe/H_i , NA , 4
G:U , 1 , H_qe/H_i , NA , 2
G:U , 1 , H_i/H_qe , trans-S/W , 3
G:U , 1 , H_i/H_qe , cis-W/W , 3
G:U , 1 , H_i/H_qe , cis-W/S , 1
G:U , 1 , H_i/H_qe , cis-S/S , 3
G:U , 1 , H_i/H_qe , cis-S/H , 2
G:U , 1 , H_i/H_qe , cis-H/W , 1
G:U , 1 , H_i/H , NA , 1
G:U , 1 , H_ie/H_ie , trans-W/W , 2
G:U , 1 , H_ie/H_ie , NA , 2
G:U , 1 , H_ie/H_e , trans-W/W , 3
G:U , 1 , H_ie/H_e , cis-W/W , 3
G:U , 1 , H_ie/H_e , cis-W/W , 2
G:U , 1 , H_ie/H_e , cis-S/H , 3
G:U , 1 , H_ie/H_e , cis-S/H , 1
G:U , 1 , H/H , trans-W/W , 2
G:U , 1 , H/H , trans-S/H , 2
G:U , 1 , H/H_qe , NA , 4
G:U , 1 , H/H_i , cis-W/S , 3
G:U , 1 , H/H_i , cis-S/S , 2
G:U , 1 , H/H , cis-H/W , 1
G:U , 1 , H_e/H_ie , trans-W/W , 4
G:U , 1 , H_e/H_ie , trans-S/W , 2
G:U , 1 , H_e/H_ie , trans-S/W , 1
G:U , 1 , H_e/H_ie , NA , 4
G:U , 1 , H_e/H_ie , cis-S/H , 1
G:U , 1 , H_e/H_e , trans-W/H , 1
G:U , 1 , H_e/H_e , cis-W/W , 5
G:PSU , 1 , H_qe/H , cis-W/W , 4
G:PSU , 1 , H_qe/H , cis-W/W , 3
G:PSU , 1 , H_qe/H , cis-W/W , 2
G:G , 1 , H_qe/H , trans-W/S , 1
G:G , 1 , H_qe/H , trans-W/H , 3
G:G , 1 , H_qe/H , trans-S/H , 1
G:G , 1 , H_qe/H , trans-H/S , 1
G:G , 1 , H_qe/H_qe , trans-W/W , 1
G:G , 1 , H_qe/H_qe , trans-W/H , 4
G:G , 1 , H_qe/H_qe , trans-S/S , 5
G:G , 1 , H_qe/H_qe , trans-S/H , 3
G:G , 1 , H_qe/H_qe , trans-S/H , 1
G:G , 1 , H_qe/H_qe , cis-W/W , 1
G:G , 1 , H_qe/H_qe , cis-W/H , 4
G:G , 1 , H_qe/H_qe , cis-W/H , 3
G:G , 1 , H_qe/H_qe , cis-H/W , 3
G:G , 1 , H_qe/H_qe , cis-H/W , 1
G:G , 1 , H_qe/H_i , trans-W/W , 2
G:G , 1 , H_qe/H_i , trans-W/H , 2
G:G , 1 , H_qe/H_i , NA , 4
G:G , 1 , H_qe/H_i , cis-W/H , 2
G:G , 1 , H_qe/H_i , cis-W/H , 1
G:G , 1 , H_qe/H_i , cis-H/W , 3
G:G , 1 , H_qe/H_i , cis-H/S , 4
G:G , 1 , H_qe/H , cis-W/H , 1
G:G , 1 , H_qe/H , cis-S/W , 2
G:G , 1 , H_i/H , trans-W/H , 2
G:G , 1 , H_i/H , trans-W/H , 1
G:G , 1 , H_i/H , trans-H/W , 1
G:G , 1 , H_i/H_qe , cis-W/W , 2
G:G , 1 , H_i/H_qe , cis-W/W , 1
G:G , 1 , H_i/H_qe , cis-W/H , 4
G:G , 1 , H_i/H_qe , cis-W/H , 3
G:G , 1 , H_i/H_qe , cis-S/H , 2
G:G , 1 , H_i/H_i , trans-W/H , 2
G:G , 1 , H_i/H_i , cis-W/H , 2
G:G , 1 , H_i/H_i , cis-H/W , 2
G:G , 1 , H_i/H , cis-W/H , 3
G:G , 1 , H_ie/H_ie , trans-S/S , 3
G:G , 1 , H_ie/H_ie , cis-W/W , 2
G:G , 1 , H_ie/H_ie , cis-W/H , 2
G:G , 1 , H_ie/H_e , trans-S/S , 4
G:G , 1 , H_ie/H_e , cis-S/W , 2
G:G , 1 , H_ie/H_e , cis-S/W , 1
G:G , 1 , H/H , trans-W/H , 3
G:G , 1 , H/H , trans-H/W , 3
G:G , 1 , H/H_qe , trans-S/H , 2
G:G , 1 , H/H_qe , cis-W/W , 4
G:G , 1 , H/H_qe , cis-W/H , 4
G:G , 1 , H/H_qe , cis-S/W , 2
G:G , 1 , H/H_i , cis-W/W , 1
G:G , 1 , H/H , cis-W/W , 3
G:G , 1 , H/H , cis-W/S , 2
G:G , 1 , H/H , cis-W/S , 1
G:G , 1 , H/H , cis-W/H , 3
G:G , 1 , H/H , cis-S/W , 2
G:G , 1 , H/H , cis-H/W , 1
G:G , 1 , H_e/H_ie , trans-W/H , 1
G:G , 1 , H_e/H_ie , trans-S/W , 2
G:G , 1 , H_e/H_ie , trans-S/H , 5
G:G , 1 , H_e/H_ie , cis-S/W , 4
G:G , 1 , H_e/H_ie , cis-S/W , 2
G:G , 1 , H_e/H_e , trans-W/W , 5
G:G , 1 , H_e/H_e , trans-H/W , 3
G:G , 1 , H_e/H_e , NA , 1
G:G , 1 , H_e/H_e , cis-W/W , 5
G:G , 1 , H_e/H_e , cis-W/W , 3
G:G , 1 , H_e/H_e , cis-S/W , 3
G:CSL , 1 , H/H , cis-W/W , 2
G:C , 1 , H_qe/H_i , NA , 5
G:C , 1 , H_qe/H_i , cis-W/W , 4
G:C , 1 , H_qe/H , cis-W/. , 1
G:C , 1 , H_i/H_qe , trans-W/W , 2
G:C , 1 , H_i/H_qe , cis-W/W , 4
G:C , 1 , H_i/H_qe , cis-W/W , 3
G:C , 1 , H_i/H_qe , cis-S/H , 3
G:C , 1 , H_i/H_qe , cis-S/H , 2
G:C , 1 , H_i/H_qe , cis-S/H , 1
G:C , 1 , H_i/H , NA , 3
G:C , 1 , H_i/H_i , NA , 4
G:C , 1 , H_i/H_i , cis-W/W , 4
G:C , 1 , H_i/H_i , cis-H/S , 1
G:C , 1 , H_i/H , cis-W/S , 4
G:C , 1 , H_ie/H_ie , trans-W/W , 1
G:C , 1 , H/H , trans-W/W , 2
G:C , 1 , H/H_qe , cis-W/S , 1
G:C , 1 , H/H_i , trans-W/W , 1
G:C , 1 , H/H_i , NA , 2
G:C , 1 , H/H_i , NA , 1
G:C , 1 , H/H_i , cis-W/W , 4
G:C , 1 , H/H_i , cis-W/W , 3
G:C , 1 , H/H_i , cis-W/W , 1
G:C , 1 , H/H , cis-W/S , 2
G:C , 1 , H_e/H_ie , cis-H/W , 1
G:C , 1 , H_e/H_e , trans-W/W , 2
G:C , 1 , H_e/H_e , trans-S/H , 2
G:C , 1 , H_e/H_e , cis-W/S , 1
G:C , 1 , H_e/H_e , cis-H/W , 1
G:A , 1 , H_qe/H_qe , trans-W/S , 2
G:A , 1 , H_qe/H_qe , trans-S/H , 5
G:A , 1 , H_qe/H_qe , cis-S/S , 2
G:A , 1 , H_qe/H_i , trans-S/H , 5
G:A , 1 , H_qe/H_i , trans-S/H , 4
G:A , 1 , H_qe/H_i , trans-H/W , 1
G:A , 1 , H_qe/H_i , NA , 3
G:A , 1 , H_qe/H_i , cis-W/H , 1
G:A , 1 , H_qe/H_i , cis-S/H , 4
G:A , 1 , H_qe/H_i , cis-./. , 1
G:A , 1 , H_qe/H , cis-W/W , 4
G:A , 1 , H_qe/H , cis-H/H , 1
G:A , 1 , H_i/H_qe , trans-S/H , 3
G:A , 1 , H_i/H_qe , trans-S/H , 2
G:A , 1 , H_i/H_qe , NA , 4
G:A , 1 , H_i/H_qe , cis-S/H , 2
G:A , 1 , H_i/H , NA , 3
G:A , 1 , H_i/H_i , trans-S/W , 3
G:A , 1 , H_i/H_i , trans-S/W , 1
G:A , 1 , H_i/H_i , trans-S/H , 1
G:A , 1 , H_i/H_i , NA , 5
G:A , 1 , H_i/H , cis-W/W , 2
G:A , 1 , H_ie/H_ie , trans-W/H , 2
G:A , 1 , H_ie/H_ie , trans-S/S , 2
G:A , 1 , H_ie/H_ie , trans-S/H , 4
G:A , 1 , H_ie/H_ie , NA , 4
G:A , 1 , H_ie/H_ie , NA , 3
G:A , 1 , H_ie/H_ie , cis-S/W , 1
G:A , 1 , H_ie/H_e , trans-W/H , 2
G:A , 1 , H_ie/H_e , trans-S/H , 6
G:A , 1 , H_ie/H_e , cis-S/H , 2
G:A , 1 , H/H , trans-W/H , 4
G:A , 1 , H/H_qe , trans-S/W , 3
G:A , 1 , H/H_qe , NA , 4
G:A , 1 , H/H_i , trans-S/S , 4
G:A , 1 , H/H_i , trans-S/H , 5
G:A , 1 , H/H_i , NA , 4
G:A , 1 , H/H_i , NA , 3
G:A , 1 , H/H_i , cis-S/S , 3
G:A , 1 , H_e/H_ie , trans-S/W , 4
G:A , 1 , H_e/H_ie , trans-S/S , 2
G:A , 1 , H_e/H_ie , trans-S/H , 5
G:A , 1 , H_e/H_ie , NA , 9
G:A , 1 , H_e/H_ie , NA , 4
G:A , 1 , H_e/H_ie , cis-W/S , 2
G:A , 1 , H_e/H_ie , cis-S/H , 5
G:A , 1 , H_e/H_ie , cis-S/H , 4
G:A , 1 , H_e/H_e , trans-W/H , 5
G:A , 1 , H_e/H_e , trans-S/W , 1
G:A , 1 , H_e/H_e , NA , 5
G:A , 1 , H_e/H_e , cis-W/W , 3
G:A , 1 , H_e/H_e , cis-W/W , 2
G:A , 1 , H_e/H_e , cis-W/W , 1
G:5BU , 1 , H_i/H_i , cis-W/W , 2
G:5BU , 1 , H/H , cis-W/W , 4
G:5BU , 1 , H_e/H_e , cis-W/W , 3
G:2AD , 1 , H_qe/H_i , trans-S/S , 2
DU:G , 1 , H_qe/H , trans-H/S , 1
DG:C , 1 , H_e/H_e , cis-W/W , 2
DC:G , 1 , H_e/H_e , cis-W/W , 2
DC:A , 1 , H/H , cis-W/W , 1
DA:A , 1 , H_qe/H_i , trans-S/H , 1
C:U , 1 , H_qe/H_qe , NA , 2
C:U , 1 , H_qe/H_qe , cis-W/S , 2
C:U , 1 , H_qe/H , NA , 3
C:U , 1 , H_qe/H_i , NA , 4
C:U , 1 , H_i/H , trans-S/W , 2
C:U , 1 , H_i/H_qe , NA , 6
C:U , 1 , H_i/H_qe , NA , 4
C:U , 1 , H_i/H_i , NA , 1
C:U , 1 , H_i/H_i , cis-S/H , 3
C:U , 1 , H_ie/H_e , NA , 2
C:U , 1 , H/H_qe , cis-W/W , 2
C:U , 1 , H/H , NA , 3
C:U , 1 , H/H_i , NA , 4
C:U , 1 , H/H_i , cis-W/W , 5
C:U , 1 , H_e/H_ie , NA , 3
C:U , 1 , H_e/H_ie , NA , 1
C:U , 1 , H_e/H_e , NA , 2
C:I , 1 , H/H , cis-X/X , 3
C:I , 1 , H/H , cis-X/X , 2
C:I , 1 , H_e/H_e , cis-X/X , 3
C:G , 1 , H_qe/H_qe , cis-W/H , 2
C:G , 1 , H_qe/H_qe , cis-S/W , 2
C:G , 1 , H_qe/H_qe , cis-H/W , 2
C:G , 1 , H_qe/H_qe , cis-H/. , 1
C:G , 1 , H_qe/H , NA , 4
C:G , 1 , H_i/H_qe , trans-W/S , 1
C:G , 1 , H_i/H_qe , trans-S/W , 3
C:G , 1 , H_i/H_qe , cis-W/W , 4
C:G , 1 , H_i/H , NA , 3
C:G , 1 , H_i/H_i , NA , 3
C:G , 1 , H_i/H_i , cis-W/W , 4
C:G , 1 , H_i/H_i , cis-W/H , 1
C:G , 1 , H_i/H , cis-W/W , 2
C:G , 1 , H_ie/H_ie , trans-W/W , 1
C:G , 1 , H_ie/H_ie , cis-W/H , 2
C:G , 1 , H_ie/H_e , cis-W/W , 2
C:G , 1 , H_ie/H_e , cis-S/W , 2
C:G , 1 , H/H_qe , trans-W/W , 4
C:G , 1 , H/H_qe , cis-H/H , 1
C:G , 1 , H/H_i , trans-W/W , 1
C:G , 1 , H/H_i , trans-W/S , 2
C:G , 1 , H/H_i , cis-W/W , 2
C:G , 1 , H/H_i , cis-W/W , 1
C:G , 1 , H/H_i , cis-S/W , 2
C:G , 1 , H/H_i , cis-S/H , 3
C:G , 1 , H/H , cis-S/W , 2
C:G , 1 , H_e/H_ie , trans-W/W , 4
C:G , 1 , H_e/H_ie , cis-W/W , 4
C:G , 1 , H_e/H_ie , cis-W/W , 1
C:G , 1 , H_e/H_ie , cis-S/S , 1
C:G , 1 , H_e/H_e , trans-S/H , 1
C:G , 1 , H_e/H_e , cis-S/W , 2
C:C , 1 , H_qe/H_qe , trans-W/H , 1
C:C , 1 , H_qe/H_qe , cis-W/W , 3
C:C , 1 , H_qe/H , NA , 2
C:C , 1 , H_qe/H_i , NA , 4
C:C , 1 , H_qe/H_i , cis-W/W , 1
C:C , 1 , H_qe/H_i , cis-S/H , 2
C:C , 1 , H_qe/H_i , cis-S/H , 1
C:C , 1 , H_i/H_qe , NA , 3
C:C , 1 , H_i/H_qe , cis-W/W , 3
C:C , 1 , H_i/H_qe , cis-S/H , 1
C:C , 1 , H_i/H , NA , 1
C:C , 1 , H_ie/H_ie , cis-W/W , 2
C:C , 1 , H_ie/H_e , trans-./S , 1
C:C , 1 , H/H , trans-H/S , 1
C:C , 1 , H/H_qe , trans-W/W , 2
C:C , 1 , H/H_qe , trans-W/W , 1
C:C , 1 , H/H_i , cis-H/W , 1
C:C , 1 , H/H , cis-H/W , 1
C:C , 1 , H_e/H_ie , trans-W/W , 3
C:C , 1 , H_e/H_ie , NA , 3
C:C , 1 , H_e/H_ie , NA , 1
C:C , 1 , H_e/H_e , cis-W/W , 3
C:C , 1 , H_e/H_e , cis-S/H , 2
C:A , 1 , H_qe/H_qe , trans-S/W , 1
C:A , 1 , H_qe/H , NA , 1
C:A , 1 , H_i/H , trans-W/H , 2
C:A , 1 , H_i/H_qe , trans-W/H , 2
C:A , 1 , H_i/H_qe , trans-S/H , 2
C:A , 1 , H_i/H_qe , cis-S/H , 2
C:A , 1 , H_i/H_i , trans-W/H , 3
C:A , 1 , H_i/H_i , trans-W/H , 2
C:A , 1 , H_i/H , cis-W/S , 3
C:A , 1 , H_ie/H_ie , trans-W/W , 2
C:A , 1 , H_ie/H_ie , trans-W/W , 1
C:A , 1 , H_ie/H_ie , cis-S/S , 4
C:A , 1 , H_ie/H_e , trans-S/S , 2
C:A , 1 , H/H , trans-W/W , 1
C:A , 1 , H/H , trans-S/W , 2
C:A , 1 , H/H , trans-S/W , 1
C:A , 1 , H/H , trans-S/. , 1
C:A , 1 , H/H_qe , trans-S/W , 3
C:A , 1 , H/H_qe , cis-S/W , 1
C:A , 1 , H/H_i , NA , 3
C:A , 1 , H/H_i , cis-S/W , 3
C:A , 1 , H/H_i , cis-S/W , 2
C:A , 1 , H/H , cis-W/W , 4
C:A , 1 , H/H , cis-S/W , 1
C:A , 1 , H_e/H_ie , trans-W/H , 5
C:A , 1 , H_e/H_ie , trans-W/H , 4
C:A , 1 , H_e/H_ie , trans-W/H , 3
C:A , 1 , H_e/H_ie , trans-W/H , 2
C:A , 1 , H_e/H_ie , trans-W/H , 1
C:A , 1 , H_e/H_ie , NA , 5
C:A , 1 , H_e/H_ie , cis-S/H , 2
C:A , 1 , H_e/H_ie , cis-S/H , 1
C:A , 1 , H_e/H_ie , cis-H/S , 1
C:A , 1 , H_e/H_e , trans-W/. , 1
C:A , 1 , H_e/H_e , trans-S/. , 1
C:A , 1 , H_e/H_e , trans-H/W , 1
C:A , 1 , H_e/H_e , cis-W/W , 3
C:A , 1 , H_e/H_e , cis-W/H , 2
AVC:A , 1 , H_qe/H_qe , trans-S/H , 3
AVC:A , 1 , H_qe/H_qe , trans-S/H , 1
A:U , 1 , H_qe/H , trans-W/W , 1
A:U , 1 , H_qe/H , trans-H/W , 4
A:U , 1 , H_qe/H , trans-H/W , 1
A:U , 1 , H_qe/H_qe , trans-W/H , 1
A:U , 1 , H_qe/H_qe , cis-W/S , 2
A:U , 1 , H_qe/H_qe , cis-H/W , 3
A:U , 1 , H_qe/H_i , trans-W/W , 1
A:U , 1 , H_qe/H_i , trans-H/W , 3
A:U , 1 , H_qe/H_i , NA , 2
A:U , 1 , H_qe/H_i , cis-W/W , 2
A:U , 1 , H_qe/H_i , cis-W/W , 1
A:U , 1 , H_qe/H_i , cis-H/S , 4
A:U , 1 , H_qe/H , cis-H/W , 1
A:U , 1 , H_i/H , trans-H/W , 4
A:U , 1 , H_i/H_qe , trans-H/W , 4
A:U , 1 , H_i/H_qe , trans-H/W , 1
A:U , 1 , H_i/H_qe , cis-S/S , 4
A:U , 1 , H_i/H_qe , cis-H/W , 2
A:U , 1 , H_i/H_i , trans-W/W , 1
A:U , 1 , H_i/H_i , trans-H/W , 4
A:U , 1 , H_i/H_i , cis-W/W , 3
A:U , 1 , H_i/H_i , cis-W/H , 1
A:U , 1 , H_i/H , cis-W/S , 2
A:U , 1 , H_i/H , cis-H/W , 3
A:U , 1 , H_ie/H_ie , trans-H/W , 3
A:U , 1 , H_ie/H_ie , trans-H/W , 2
A:U , 1 , H_ie/H_e , trans-H/W , 1
A:U , 1 , H_ie/H_e , NA , 1
A:U , 1 , H_ie/H_e , cis-S/W , 2
A:U , 1 , H/H , trans-H/W , 4
A:U , 1 , H/H_qe , trans-W/W , 2
A:U , 1 , H/H_qe , trans-W/W , 1
A:U , 1 , H/H_qe , NA , 4
A:U , 1 , H/H_i , cis-W/W , 2
A:U , 1 , H/H , cis-W/W , 4
A:U , 1 , H_e/H_ie , trans-H/S , 1
A:U , 1 , H_e/H_ie , NA , 6
A:U , 1 , H_e/H_ie , NA , 5
A:U , 1 , H_e/H_ie , cis-W/W , 2
A:U , 1 , H_e/H_ie , cis-H/W , 3
A:U , 1 , H_e/H_ie , cis-H/W , 2
A:U , 1 , H_e/H_e , NA , 3
A:U , 1 , H_e/H_e , cis-W/W , 3
A:PSU , 1 , H/H , cis-W/H , 2
A:M5M , 1 , H/H , cis-W/W , 3
A:M2G , 1 , H_qe/H_qe , cis-W/W , 2
A:M2G , 1 , H_qe/H , NA , 3
A:M2G , 1 , H_qe/H , NA , 1
A:M2G , 1 , H_qe/H , cis-W/W , 3
A:M2G , 1 , H_qe/H , cis-W/W , 1
A:G , 1 , H_qe/H , trans-H/S , 5
A:G , 1 , H_qe/H_qe , trans-H/W , 1
A:G , 1 , H_qe/H_qe , cis-S/S , 3
A:G , 1 , H_qe/H_i , trans-W/S , 3
A:G , 1 , H_qe/H_i , cis-S/H , 2
A:G , 1 , H_i/H , trans-W/. , 1
A:G , 1 , H_i/H , trans-S/S , 3
A:G , 1 , H_i/H_qe , trans-S/S , 2
A:G , 1 , H_i/H_qe , trans-H/S , 4
A:G , 1 , H_i/H_qe , cis-S/H , 3
A:G , 1 , H_i/H_qe , cis-S/H , 2
A:G , 1 , H_i/H_i , trans-H/S , 4
A:G , 1 , H_i/H_i , cis-H/S , 3
A:G , 1 , H_i/H , cis-S/S , 2
A:G , 1 , H_i/H , cis-S/S , 1
A:G , 1 , H_ie/H_ie , trans-H/S , 3
A:G , 1 , H_ie/H_ie , trans-H/S , 1
A:G , 1 , H_ie/H_ie , NA , 5
A:G , 1 , H_ie/H_ie , cis-W/W , 3
A:G , 1 , H_ie/H_ie , cis-W/W , 1
A:G , 1 , H_ie/H_e , trans-H/S , 5
A:G , 1 , H_ie/H_e , NA , 4
A:G , 1 , H/H , trans-S/H , 2
A:G , 1 , H/H_qe , trans-W/H , 2
A:G , 1 , H/H_qe , NA , 4
A:G , 1 , H/H_i , trans-W/S , 1
A:G , 1 , H/H_i , NA , 3
A:G , 1 , H/H_i , cis-W/W , 2
A:G , 1 , H/H , cis-W/H , 2
A:G , 1 , H/H , cis-W/H , 1
A:G , 1 , H_e/H_ie , trans-S/S , 2
A:G , 1 , H_e/H_ie , cis-W/W , 1
A:G , 1 , H_e/H_e , trans-H/W , 1
A:G , 1 , H_e/H_e , trans-H/S , 4
A:G , 1 , H_e/H_e , cis-W/S , 3
A:C , 1 , H_qe/H_qe , trans-W/W , 2
A:C , 1 , H_qe/H_qe , trans-S/H , 1
A:C , 1 , H_qe/H_qe , trans-H/S , 2
A:C , 1 , H_qe/H_qe , cis-S/S , 3
A:C , 1 , H_qe/H_i , trans-H/W , 2
A:C , 1 , H_qe/H_i , cis-W/W , 2
A:C , 1 , H_qe/H , cis-W/W , 3
A:C , 1 , H_qe/H , cis-W/S , 1
A:C , 1 , H_i/H , trans-W/S , 3
A:C , 1 , H_i/H , trans-H/W , 1
A:C , 1 , H_i/H_qe , NA , 1
A:C , 1 , H_i/H_qe , cis-W/S , 3
A:C , 1 , H_i/H_qe , cis-S/W , 2
A:C , 1 , H_i/H , NA , 2
A:C , 1 , H_i/H_i , trans-H/S , 2
A:C , 1 , H_i/H_i , NA , 3
A:C , 1 , H_i/H , cis-W/S , 3
A:C , 1 , H_i/H , cis-W/S , 1
A:C , 1 , H_ie/H_ie , NA , 2
A:C , 1 , H_ie/H_ie , NA , 1
A:C , 1 , H_ie/H_e , cis-W/S , 3
A:C , 1 , H_ie/H_e , cis-W/S , 1
A:C , 1 , H/H , trans-./S , 1
A:C , 1 , H/H , trans-H/W , 4
A:C , 1 , H/H , trans-H/W , 1
A:C , 1 , H/H_qe , cis-H/W , 2
A:C , 1 , H/H_i , trans-W/W , 2
A:C , 1 , H/H , cis-W/W , 4
A:C , 1 , H_e/H_ie , cis-W/W , 1
A:C , 1 , H_e/H_e , cis-W/W , 4
A:C , 1 , H_e/H_e , cis-H/W , 3
A:A , 1 , H_qe/H , trans-W/W , 2
A:A , 1 , H_qe/H , trans-W/H , 3
A:A , 1 , H_qe/H , trans-S/. , 1
A:A , 1 , H_qe/H , trans-H/S , 3
A:A , 1 , H_qe/H , trans-H/H , 5
A:A , 1 , H_qe/H , trans-H/H , 4
A:A , 1 , H_qe/H_qe , trans-W/W , 1
A:A , 1 , H_qe/H_qe , trans-./S , 1
A:A , 1 , H_qe/H_i , trans-S/W , 2
A:A , 1 , H_qe/H_i , trans-S/H , 1
A:A , 1 , H_qe/H_i , trans-H/W , 1
A:A , 1 , H_qe/H_i , trans-H/H , 2
A:A , 1 , H_qe/H_i , cis-S/H , 4
A:A , 1 , H_qe/H , cis-H/W , 2
A:A , 1 , H_qe/H , cis-H/W , 1
A:A , 1 , H_i/H_qe , trans-H/W , 3
A:A , 1 , H_i/H_qe , trans-H/H , 2
A:A , 1 , H_i/H_qe , cis-H/W , 2
A:A , 1 , H_i/H_i , trans-W/W , 3
A:A , 1 , H_i/H_i , NA , 4
A:A , 1 , H_ie/H_ie , trans-W/S , 1
A:A , 1 , H_ie/H_ie , trans-S/H , 1
A:A , 1 , H_ie/H_ie , trans-H/S , 1
A:A , 1 , H_ie/H_ie , cis-S/W , 2
A:A , 1 , H_ie/H_ie , cis-S/S , 3
A:A , 1 , H_ie/H_e , trans-W/W , 1
A:A , 1 , H_ie/H_e , trans-H/H , 3
A:A , 1 , H_ie/H_e , NA , 1
A:A , 1 , H/H_qe , cis-W/S , 1
A:A , 1 , H/H_i , trans-H/H , 3
A:A , 1 , H/H_i , NA , 1
A:A , 1 , H_e/H_ie , trans-H/W , 1
A:A , 1 , H_e/H_ie , trans-H/H , 1
A:A , 1 , H_e/H_e , trans-H/W , 3
A:A , 1 , H_e/H_e , cis-W/W , 3
A:A5M , 1 , H/H , cis-W/W , 2
A5M:A , 1 , H/H , cis-W/W , 2
A5M:A , 1 , H/H , cis-W/W , 1
A:5BU , 1 , H/H , cis-H/W , 2
A:4OC , 1 , H/H , cis-W/W , 2
A2M:A , 1 , H_qe/H_qe , trans-W/H , 1
A2M:A , 1 , H_qe/H_qe , trans-S/H , 1
A2M:A , 1 , H_qe/H_i , trans-S/H , 1
A:1MA , 1 , H/H_i , trans-W/H , 2
6AP:74 , 1 , H_i/H_qe , NA , 3
5MU:MAD , 1 , H/H_i , trans-W/H , 1
5MU:A , 1 , H_e/H_ie , trans-W/H , 3
5MU:A , 1 , H_e/H_ie , trans-W/H , 2
5MU:1MA , 1 , H/H_i , trans-W/H , 3
5MC:G , 1 , H_qe/H , cis-W/W , 2
5BU:G , 1 , H_i/H_i , cis-W/W , 2
5BU:G , 1 , H/H , cis-W/W , 2
5BU:A , 1 , H_i/H_qe , cis-W/H , 4
5BU:A , 1 , H/H , cis-W/H , 2
5BU:5BU , 1 , H/H , cis-W/W , 2
5BU:5BU , 1 , H/H , cis-W/W , 1
3DA:A , 1 , H_qe/H_qe , trans-S/H , 1
3AY:U , 1 , H_i/H_qe , NA , 3
2MU:1MA , 1 , H/H_i , trans-W/H , 1
2MG:U , 1 , H/H , cis-W/W , 3
